n_multisubunit_complexes,n_ligandcomplex_pairs_with_multiple_subunit_axes,ligand,complex,n_subunits,subunits,is_multisubunit,ligand_passes_corrected,n_types_enriched_min_rule,types_enriched_min_rule,n_types_enriched_anysubunit,complex_survives_min_rule,complex_survives_anysubunit,n_subunit_axes_surviving_published,n_types_enriched_geomean,complex_survives_geomean,inflated_vs_complex_min_rule
102,98,CRITERION_PREREGISTERED,Subunit expansion INFLATED a count iff the complex-level tally differs from the published subunit-level tally for that count.,,"complex enriched in a type iff ALL subunits enriched there (min/obligate rule); geomean alt = mean log2FC>0, max subunit FDR<0.05, geometric-mean tumour median >= floor 345.6725",,,,,,,,,,,
102,98,AGT,AGTR1,1.0,AGTR1,0.0,0.0,0.0,,0.0,False,False,0.0,0.0,False,False
102,98,AGT,MAS1,1.0,MAS1,0.0,0.0,0.0,,0.0,False,False,0.0,0.0,False,False
102,98,BMP4,BMPR1A_ACVR2A,2.0,ACVR2A;BMPR1A,1.0,0.0,0.0,,0.0,False,False,0.0,0.0,False,False
102,98,BMP4,BMPR1A_ACVR2B,2.0,ACVR2B;BMPR1A,1.0,0.0,0.0,,0.0,False,False,0.0,1.0,False,False
102,98,BMP4,BMPR1A_BMPR2,2.0,BMPR1A;BMPR2,1.0,0.0,0.0,,0.0,False,False,0.0,0.0,False,False
102,98,BMP4,BMPR1B_ACVR2A,2.0,ACVR2A;BMPR1B,1.0,0.0,0.0,,2.0,False,False,0.0,2.0,False,False
102,98,BMP4,BMPR1B_ACVR2B,2.0,ACVR2B;BMPR1B,1.0,0.0,0.0,,2.0,False,False,0.0,2.0,False,False
102,98,BMP4,BMPR1B_BMPR2,2.0,BMPR1B;BMPR2,1.0,0.0,0.0,,2.0,False,False,0.0,3.0,False,False
102,98,BMP6,ACVR1_ACVR2A,2.0,ACVR1;ACVR2A,1.0,0.0,0.0,,4.0,False,False,0.0,2.0,False,False
102,98,BMP6,ACVR1_ACVR2B,2.0,ACVR1;ACVR2B,1.0,0.0,0.0,,4.0,False,False,0.0,5.0,False,False
102,98,BMP6,ACVR1_BMPR2,2.0,ACVR1;BMPR2,1.0,0.0,0.0,,4.0,False,False,0.0,1.0,False,False
102,98,BMP6,BMPR1A_ACVR2A,2.0,ACVR2A;BMPR1A,1.0,0.0,0.0,,0.0,False,False,0.0,0.0,False,False
102,98,BMP6,BMPR1A_ACVR2B,2.0,ACVR2B;BMPR1A,1.0,0.0,0.0,,0.0,False,False,0.0,1.0,False,False
102,98,BMP6,BMPR1A_BMPR2,2.0,BMPR1A;BMPR2,1.0,0.0,0.0,,0.0,False,False,0.0,0.0,False,False
102,98,BMP6,BMPR1B_ACVR2A,2.0,ACVR2A;BMPR1B,1.0,0.0,0.0,,2.0,False,False,0.0,2.0,False,False
102,98,BMP6,BMPR1B_ACVR2B,2.0,ACVR2B;BMPR1B,1.0,0.0,0.0,,2.0,False,False,0.0,2.0,False,False
102,98,BMP6,BMPR1B_BMPR2,2.0,BMPR1B;BMPR2,1.0,0.0,0.0,,2.0,False,False,0.0,3.0,False,False
102,98,CCL3,ACKR2,1.0,ACKR2,0.0,0.0,0.0,,0.0,False,False,0.0,0.0,False,False
102,98,CCL3,CCR1,1.0,CCR1,0.0,0.0,0.0,,0.0,False,False,0.0,0.0,False,False
102,98,CCL3,CCR5,1.0,CCR5,0.0,0.0,0.0,,0.0,False,False,0.0,0.0,False,False
102,98,CCL4,ACKR2,1.0,ACKR2,0.0,0.0,0.0,,0.0,False,False,0.0,0.0,False,False
102,98,CCL4,CCR5,1.0,CCR5,0.0,0.0,0.0,,0.0,False,False,0.0,0.0,False,False
102,98,CCL5,ACKR1,1.0,ACKR1,0.0,0.0,0.0,,0.0,False,False,0.0,0.0,False,False
102,98,CCL5,ACKR2,1.0,ACKR2,0.0,0.0,0.0,,0.0,False,False,0.0,0.0,False,False
102,98,CCL5,CCR1,1.0,CCR1,0.0,0.0,0.0,,0.0,False,False,0.0,0.0,False,False
102,98,CCL5,CCR3,1.0,CCR3,0.0,0.0,0.0,,0.0,False,False,0.0,0.0,False,False
102,98,CCL5,CCR4,1.0,CCR4,0.0,0.0,0.0,,0.0,False,False,0.0,0.0,False,False
102,98,CCL5,CCR5,1.0,CCR5,0.0,0.0,0.0,,0.0,False,False,0.0,0.0,False,False
102,98,CTF1,LIFR_IL6ST,2.0,IL6ST;LIFR,1.0,0.0,0.0,,0.0,False,False,0.0,0.0,False,False
102,98,CX3CL1,CX3CR1,1.0,CX3CR1,0.0,0.0,1.0,KIRC,1.0,False,False,0.0,1.0,False,False
102,98,CXCL9,ACKR1,1.0,ACKR1,0.0,0.0,0.0,,0.0,False,False,0.0,0.0,False,False
102,98,CXCL9,CXCR3,1.0,CXCR3,0.0,0.0,0.0,,0.0,False,False,0.0,0.0,False,False
102,98,FGF1,FGFR1,1.0,FGFR1,0.0,0.0,1.0,KICH,1.0,False,False,0.0,1.0,False,False
102,98,FGF1,FGFR2,1.0,FGFR2,0.0,0.0,0.0,,0.0,False,False,0.0,0.0,False,False
102,98,FGF1,FGFR3,1.0,FGFR3,0.0,0.0,2.0,ESCA;LUSC,2.0,False,False,0.0,2.0,False,False
102,98,FGF1,FGFR4,1.0,FGFR4,0.0,0.0,3.0,COAD;LIHC;STAD,3.0,False,False,0.0,5.0,False,False
102,98,GAS6,AXL,1.0,AXL,0.0,0.0,3.0,HNSC;KIRC;KIRP,3.0,False,False,0.0,4.0,False,False
102,98,GAS6,MERTK,1.0,MERTK,0.0,0.0,2.0,KICH;LUSC,2.0,False,False,0.0,3.0,False,False
102,98,GAS6,TYRO3,1.0,TYRO3,0.0,0.0,2.0,BLCA;LUSC,2.0,False,False,0.0,2.0,False,False
102,98,GDF10,ACVR1B_ACVR2A,2.0,ACVR1B;ACVR2A,1.0,0.0,0.0,,3.0,False,False,0.0,2.0,False,False
102,98,GDF15,TGFBR2,1.0,TGFBR2,0.0,0.0,0.0,,0.0,False,False,0.0,0.0,False,False
102,98,GDF6,BMPR1A_ACVR2A,2.0,ACVR2A;BMPR1A,1.0,0.0,0.0,,0.0,False,False,0.0,0.0,False,False
102,98,GDF6,BMPR1A_ACVR2B,2.0,ACVR2B;BMPR1A,1.0,0.0,0.0,,0.0,False,False,0.0,1.0,False,False
102,98,GDF6,BMPR1A_BMPR2,2.0,BMPR1A;BMPR2,1.0,0.0,0.0,,0.0,False,False,0.0,0.0,False,False
102,98,GDF6,BMPR1B_ACVR2A,2.0,ACVR2A;BMPR1B,1.0,0.0,0.0,,2.0,False,False,0.0,2.0,False,False
102,98,GDF6,BMPR1B_ACVR2B,2.0,ACVR2B;BMPR1B,1.0,0.0,0.0,,2.0,False,False,0.0,2.0,False,False
102,98,GDF6,BMPR1B_BMPR2,2.0,BMPR1B;BMPR2,1.0,0.0,0.0,,2.0,False,False,0.0,3.0,False,False
102,98,GDF9,ACVR1B_BMPR2,2.0,ACVR1B;BMPR2,1.0,0.0,0.0,,3.0,False,False,0.0,0.0,False,False
102,98,GRN,SORT1,1.0,SORT1,0.0,0.0,1.0,LIHC,1.0,False,False,0.0,2.0,False,False
102,98,GZMA,F2R,1.0,F2R,0.0,0.0,8.0,BRCA;COAD;ESCA;HNSC;KIRC;PRAD;STAD;THCA,8.0,False,False,0.0,8.0,False,False
102,98,GZMA,F2RL1,1.0,F2RL1,0.0,0.0,4.0,HNSC;LUAD;LUSC;UCEC,4.0,False,False,0.0,4.0,False,False
102,98,GZMA,F2RL2,1.0,F2RL2,0.0,0.0,1.0,BRCA,1.0,False,False,0.0,1.0,False,False
102,98,GZMA,F2RL3,1.0,F2RL3,0.0,0.0,1.0,KIRC,1.0,False,False,0.0,1.0,False,False
102,98,GZMA,PARD3,1.0,PARD3,0.0,0.0,1.0,LUSC,1.0,False,False,0.0,2.0,False,False
102,98,HBEGF,EGFR,1.0,EGFR,0.0,0.0,2.0,KIRC;LUSC,2.0,False,False,0.0,3.0,False,False
102,98,HBEGF,EGFR_ERBB2,2.0,EGFR;ERBB2,1.0,0.0,0.0,,7.0,False,False,0.0,1.0,False,False
102,98,HBEGF,ERBB2_ERBB4,2.0,ERBB2;ERBB4,1.0,0.0,0.0,,5.0,False,False,0.0,0.0,False,False
102,98,HBEGF,ERBB4,1.0,ERBB4,0.0,0.0,0.0,,0.0,False,False,0.0,0.0,False,False
102,98,IGF1,IGF1R,1.0,IGF1R,0.0,0.0,3.0,HNSC;KICH;LUSC,3.0,False,False,0.0,4.0,False,False
102,98,IGF1,ITGA6_ITGB4,2.0,ITGA6;ITGB4,1.0,0.0,5.0,ESCA;HNSC;LUSC;STAD;THCA,11.0,False,False,0.0,10.0,False,False
102,98,IGF1,ITGAV_ITGB3,2.0,ITGAV;ITGB3,1.0,0.0,0.0,,5.0,False,False,0.0,0.0,False,False
102,98,IGF2,IGF1R,1.0,IGF1R,0.0,0.0,3.0,HNSC;KICH;LUSC,3.0,False,False,0.0,4.0,False,False
102,98,IGF2,IGF2R,1.0,IGF2R,0.0,0.0,1.0,THCA,1.0,False,False,0.0,4.0,False,False
102,98,IGF2,ITGA6_ITGB4,2.0,ITGA6;ITGB4,1.0,0.0,5.0,ESCA;HNSC;LUSC;STAD;THCA,11.0,False,False,0.0,10.0,False,False
102,98,IGF2,ITGAV_ITGB3,2.0,ITGAV;ITGB3,1.0,0.0,0.0,,5.0,False,False,0.0,0.0,False,False
102,98,IL16,CD4,1.0,CD4,0.0,0.0,4.0,KIRC;KIRP;STAD;THCA,4.0,False,False,0.0,4.0,False,False
102,98,IL17B,IL17RB,1.0,IL17RB,0.0,0.0,2.0,COAD;STAD,2.0,False,False,0.0,2.0,False,False
102,98,INHBA,ACVR1B_ACVR2A,2.0,ACVR1B;ACVR2A,1.0,0.0,0.0,,3.0,False,False,0.0,2.0,False,False
102,98,INHBA,ACVR1B_ACVR2B,2.0,ACVR1B;ACVR2B,1.0,0.0,0.0,,3.0,False,False,0.0,2.0,False,False
102,98,INHBA,ACVR1C_ACVR2A,2.0,ACVR1C;ACVR2A,1.0,0.0,0.0,,0.0,False,False,0.0,0.0,False,False
102,98,INHBA,ACVR1C_ACVR2B,2.0,ACVR1C;ACVR2B,1.0,0.0,0.0,,0.0,False,False,0.0,0.0,False,False
102,98,INHBA,ACVR2A,1.0,ACVR2A,0.0,0.0,0.0,,0.0,False,False,0.0,0.0,False,False
102,98,LGALS9,CD44,1.0,CD44,0.0,0.0,6.0,COAD;ESCA;KICH;KIRC;KIRP;THCA,6.0,False,False,0.0,7.0,False,False
102,98,LGALS9,HAVCR2,1.0,HAVCR2,0.0,0.0,2.0,KIRC;KIRP,2.0,False,False,0.0,2.0,False,False
102,98,LGALS9,PTPRC,1.0,PTPRC,0.0,0.0,3.0,KIRC;KIRP;STAD,3.0,False,False,0.0,3.0,False,False
102,98,MDK,ALK,1.0,ALK,0.0,0.0,0.0,,0.0,False,False,0.0,0.0,False,False
102,98,MDK,ITGA4_ITGB1,2.0,ITGA4;ITGB1,1.0,0.0,2.0,KIRC;STAD,3.0,False,False,0.0,3.0,False,False
102,98,MDK,ITGA6_ITGB1,2.0,ITGA6;ITGB1,1.0,0.0,2.0,HNSC;STAD,9.0,False,False,0.0,7.0,False,False
102,98,MDK,LRP1,1.0,LRP1,0.0,0.0,1.0,KIRC,1.0,False,False,0.0,2.0,False,False
102,98,MDK,NCL,1.0,NCL,0.0,0.0,5.0,COAD;ESCA;LUAD;LUSC;STAD,5.0,False,False,0.0,9.0,False,False
102,98,MDK,PTPRZ1,1.0,PTPRZ1,0.0,0.0,2.0,HNSC;LUSC,2.0,False,False,0.0,2.0,False,False
102,98,MDK,SDC1,1.0,SDC1,0.0,0.0,6.0,BRCA;ESCA;LUAD;LUSC;THCA;UCEC,6.0,False,False,0.0,6.0,False,False
102,98,MDK,SDC2,1.0,SDC2,0.0,0.0,1.0,KICH,1.0,False,False,0.0,1.0,False,False
102,98,MDK,SDC4,1.0,SDC4,0.0,0.0,4.0,COAD;KICH;THCA;UCEC,4.0,False,False,0.0,6.0,False,False
102,98,MSTN,ACVR1B_ACVR2A,2.0,ACVR1B;ACVR2A,1.0,0.0,0.0,,3.0,False,False,0.0,2.0,False,False
102,98,MSTN,ACVR1B_ACVR2B,2.0,ACVR1B;ACVR2B,1.0,0.0,0.0,,3.0,False,False,0.0,2.0,False,False
102,98,MSTN,TGFBR1_ACVR2A,2.0,ACVR2A;TGFBR1,1.0,0.0,0.0,,2.0,False,False,0.0,1.0,False,False
102,98,MSTN,TGFBR1_ACVR2B,2.0,ACVR2B;TGFBR1,1.0,0.0,0.0,,2.0,False,False,0.0,6.0,False,False
102,98,NPPA,NPR1,1.0,NPR1,0.0,1.0,0.0,,0.0,False,False,0.0,0.0,False,False
102,98,NPPB,NPR1,1.0,NPR1,0.0,1.0,0.0,,0.0,False,False,0.0,0.0,False,False
102,98,NRG1,ERBB2_ERBB3,2.0,ERBB2;ERBB3,1.0,0.0,5.0,BLCA;BRCA;LUAD;THCA;UCEC,9.0,False,False,0.0,6.0,False,False
102,98,NRG1,ERBB2_ERBB4,2.0,ERBB2;ERBB4,1.0,0.0,0.0,,5.0,False,False,0.0,0.0,False,False
102,98,NRG1,ERBB3,1.0,ERBB3,0.0,0.0,9.0,BLCA;BRCA;KIRC;KIRP;LIHC;LUAD;PRAD;THCA;UCEC,9.0,False,False,0.0,10.0,False,False
102,98,NRG1,ERBB4,1.0,ERBB4,0.0,0.0,0.0,,0.0,False,False,0.0,0.0,False,False
102,98,NRG1,ITGAV_ITGB3,2.0,ITGAV;ITGB3,1.0,0.0,0.0,,5.0,False,False,0.0,0.0,False,False
102,98,NTF3,NTRK1,1.0,NTRK1,0.0,0.0,0.0,,0.0,False,False,0.0,0.0,False,False
102,98,NTF3,NTRK2,1.0,NTRK2,0.0,0.0,1.0,LUSC,1.0,False,False,0.0,1.0,False,False
102,98,NTF3,NTRK3,1.0,NTRK3,0.0,0.0,0.0,,0.0,False,False,0.0,0.0,False,False
102,98,PDGFD,PDGFRB,1.0,PDGFRB,0.0,0.0,5.0,COAD;HNSC;KIRC;LIHC;STAD,5.0,False,False,0.0,6.0,False,False
102,98,POSTN,ITGAV_ITGB3,2.0,ITGAV;ITGB3,1.0,0.0,0.0,,5.0,False,False,0.0,0.0,False,False
102,98,POSTN,ITGAV_ITGB5,2.0,ITGAV;ITGB5,1.0,0.0,2.0,HNSC;LUSC,6.0,False,False,0.0,5.0,False,False
102,98,PROS1,AXL,1.0,AXL,0.0,0.0,3.0,HNSC;KIRC;KIRP,3.0,False,False,0.0,4.0,False,False
102,98,PROS1,TYRO3,1.0,TYRO3,0.0,0.0,2.0,BLCA;LUSC,2.0,False,False,0.0,2.0,False,False
102,98,PTN,ALK,1.0,ALK,0.0,1.0,0.0,,0.0,False,False,0.0,0.0,False,False
102,98,PTN,ITGAV_ITGB3,2.0,ITGAV;ITGB3,1.0,1.0,0.0,,5.0,False,True,1.0,0.0,False,True
102,98,PTN,NCL,1.0,NCL,0.0,1.0,5.0,COAD;ESCA;LUAD;LUSC;STAD,5.0,True,True,1.0,9.0,True,False
102,98,PTN,PTPRZ1,1.0,PTPRZ1,0.0,1.0,2.0,HNSC;LUSC,2.0,True,True,1.0,2.0,True,False
102,98,PTN,SDC1,1.0,SDC1,0.0,1.0,6.0,BRCA;ESCA;LUAD;LUSC;THCA;UCEC,6.0,True,True,1.0,6.0,True,False
102,98,PTN,SDC2,1.0,SDC2,0.0,1.0,1.0,KICH,1.0,True,True,1.0,1.0,True,False
102,98,PTN,SDC3,1.0,SDC3,0.0,1.0,4.0,HNSC;KIRC;KIRP;THCA,4.0,True,True,1.0,4.0,True,False
102,98,PTN,SDC4,1.0,SDC4,0.0,1.0,4.0,COAD;KICH;THCA;UCEC,4.0,True,True,1.0,6.0,True,False
102,98,SEMA3B,NRP1_PLXNA1,2.0,NRP1;PLXNA1,1.0,0.0,3.0,HNSC;KIRC;STAD,11.0,False,False,0.0,6.0,False,False
102,98,SEMA3B,NRP1_PLXNA2,2.0,NRP1;PLXNA2,1.0,0.0,1.0,KIRC,4.0,False,False,0.0,2.0,False,False
102,98,SEMA3B,NRP1_PLXNA3,2.0,NRP1;PLXNA3,1.0,0.0,3.0,HNSC;KIRC;STAD,13.0,False,False,0.0,7.0,False,False
102,98,SEMA3B,NRP1_PLXNA4,2.0,NRP1;PLXNA4,1.0,0.0,0.0,,3.0,False,False,0.0,1.0,False,False
102,98,SEMA3B,NRP2_PLXNA1,2.0,NRP2;PLXNA1,1.0,0.0,2.0,HNSC;KIRC,12.0,False,False,0.0,6.0,False,False
102,98,SEMA3B,NRP2_PLXNA2,2.0,NRP2;PLXNA2,1.0,0.0,1.0,KIRC,4.0,False,False,0.0,3.0,False,False
102,98,SEMA3B,NRP2_PLXNA3,2.0,NRP2;PLXNA3,1.0,0.0,3.0,HNSC;KIRC;THCA,13.0,False,False,0.0,6.0,False,False
102,98,SEMA3B,NRP2_PLXNA4,2.0,NRP2;PLXNA4,1.0,0.0,0.0,,3.0,False,False,0.0,1.0,False,False
102,98,TGFB2,ACVR1B_TGFbR2,2.0,ACVR1B;TGFBR2,1.0,0.0,0.0,,3.0,False,False,0.0,0.0,False,False
102,98,TGFB2,ACVR1C_TGFbR2,2.0,ACVR1C;TGFBR2,1.0,0.0,0.0,,0.0,False,False,0.0,0.0,False,False
102,98,TGFB2,ACVR1_TGFbR,3.0,ACVR1;TGFBR1;TGFBR2,1.0,0.0,0.0,,4.0,False,False,0.0,3.0,False,False
102,98,TGFB2,TGFbR1_R2,2.0,TGFBR1;TGFBR2,1.0,0.0,0.0,,2.0,False,False,0.0,2.0,False,False
102,98,TGFB3,ACVR1B_TGFbR2,2.0,ACVR1B;TGFBR2,1.0,0.0,0.0,,3.0,False,False,0.0,0.0,False,False
102,98,TGFB3,ACVR1C_TGFbR2,2.0,ACVR1C;TGFBR2,1.0,0.0,0.0,,0.0,False,False,0.0,0.0,False,False
102,98,TGFB3,ACVR1_TGFbR,3.0,ACVR1;TGFBR1;TGFBR2,1.0,0.0,0.0,,4.0,False,False,0.0,3.0,False,False
102,98,TGFB3,TGFbR1_R2,2.0,TGFBR1;TGFBR2,1.0,0.0,0.0,,2.0,False,False,0.0,2.0,False,False
102,98,TNF,TNFRSF1A,1.0,TNFRSF1A,0.0,0.0,3.0,KIRC;KIRP;THCA,3.0,False,False,0.0,4.0,False,False
102,98,TNF,TNFRSF1B,1.0,TNFRSF1B,0.0,0.0,3.0,HNSC;KIRC;THCA,3.0,False,False,0.0,5.0,False,False
102,98,TNFSF12,TNFRSF12A,1.0,TNFRSF12A,0.0,0.0,10.0,BRCA;COAD;ESCA;HNSC;KIRC;KIRP;LUAD;STAD;THCA;UCEC,10.0,False,False,0.0,10.0,False,False
102,98,VEGFB,FLT1,1.0,FLT1,0.0,0.0,3.0,HNSC;KIRC;STAD,3.0,False,False,0.0,5.0,False,False
102,98,WNT10B,FZD10_LRP5,2.0,FZD10;LRP5,1.0,0.0,0.0,,1.0,False,False,0.0,1.0,False,False
102,98,WNT10B,FZD10_LRP6,2.0,FZD10;LRP6,1.0,0.0,0.0,,2.0,False,False,0.0,2.0,False,False
102,98,WNT10B,FZD1_LRP5,2.0,FZD1;LRP5,1.0,0.0,0.0,,2.0,False,False,0.0,1.0,False,False
102,98,WNT10B,FZD1_LRP6,2.0,FZD1;LRP6,1.0,0.0,0.0,,3.0,False,False,0.0,2.0,False,False
102,98,WNT10B,FZD2_LRP5,2.0,FZD2;LRP5,1.0,0.0,0.0,,1.0,False,False,0.0,2.0,False,False
102,98,WNT10B,FZD2_LRP6,2.0,FZD2;LRP6,1.0,0.0,0.0,,2.0,False,False,0.0,2.0,False,False
102,98,WNT10B,FZD3_LRP5,2.0,FZD3;LRP5,1.0,0.0,0.0,,0.0,False,False,0.0,2.0,False,False
102,98,WNT10B,FZD3_LRP6,2.0,FZD3;LRP6,1.0,0.0,0.0,,1.0,False,False,0.0,1.0,False,False
102,98,WNT10B,FZD4_LRP5,2.0,FZD4;LRP5,1.0,0.0,0.0,,2.0,False,False,0.0,1.0,False,False
102,98,WNT10B,FZD4_LRP6,2.0,FZD4;LRP6,1.0,0.0,0.0,,3.0,False,False,0.0,1.0,False,False
102,98,WNT10B,FZD5_LRP5,2.0,FZD5;LRP5,1.0,0.0,0.0,,3.0,False,False,0.0,1.0,False,False
102,98,WNT10B,FZD5_LRP6,2.0,FZD5;LRP6,1.0,0.0,0.0,,4.0,False,False,0.0,3.0,False,False
102,98,WNT10B,FZD6_LRP5,2.0,FZD6;LRP5,1.0,0.0,0.0,,5.0,False,False,0.0,4.0,False,False
102,98,WNT10B,FZD6_LRP6,2.0,FZD6;LRP6,1.0,0.0,0.0,,6.0,False,False,0.0,3.0,False,False
102,98,WNT10B,FZD7_LRP5,2.0,FZD7;LRP5,1.0,0.0,0.0,,1.0,False,False,0.0,1.0,False,False
102,98,WNT10B,FZD7_LRP6,2.0,FZD7;LRP6,1.0,0.0,0.0,,2.0,False,False,0.0,1.0,False,False
102,98,WNT10B,FZD8_LRP5,2.0,FZD8;LRP5,1.0,0.0,0.0,,1.0,False,False,0.0,0.0,False,False
102,98,WNT10B,FZD8_LRP6,2.0,FZD8;LRP6,1.0,0.0,0.0,,2.0,False,False,0.0,2.0,False,False
102,98,WNT10B,FZD9_LRP5,2.0,FZD9;LRP5,1.0,0.0,0.0,,0.0,False,False,0.0,0.0,False,False
102,98,WNT10B,FZD9_LRP6,2.0,FZD9;LRP6,1.0,0.0,0.0,,1.0,False,False,0.0,0.0,False,False
102,98,WNT9A,FZD10_LRP5,2.0,FZD10;LRP5,1.0,0.0,0.0,,1.0,False,False,0.0,1.0,False,False
102,98,WNT9A,FZD10_LRP6,2.0,FZD10;LRP6,1.0,0.0,0.0,,2.0,False,False,0.0,2.0,False,False
102,98,WNT9A,FZD1_LRP5,2.0,FZD1;LRP5,1.0,0.0,0.0,,2.0,False,False,0.0,1.0,False,False
102,98,WNT9A,FZD1_LRP6,2.0,FZD1;LRP6,1.0,0.0,0.0,,3.0,False,False,0.0,2.0,False,False
102,98,WNT9A,FZD2_LRP5,2.0,FZD2;LRP5,1.0,0.0,0.0,,1.0,False,False,0.0,2.0,False,False
102,98,WNT9A,FZD2_LRP6,2.0,FZD2;LRP6,1.0,0.0,0.0,,2.0,False,False,0.0,2.0,False,False
102,98,WNT9A,FZD3_LRP5,2.0,FZD3;LRP5,1.0,0.0,0.0,,0.0,False,False,0.0,2.0,False,False
102,98,WNT9A,FZD3_LRP6,2.0,FZD3;LRP6,1.0,0.0,0.0,,1.0,False,False,0.0,1.0,False,False
102,98,WNT9A,FZD4_LRP5,2.0,FZD4;LRP5,1.0,0.0,0.0,,2.0,False,False,0.0,1.0,False,False
102,98,WNT9A,FZD4_LRP6,2.0,FZD4;LRP6,1.0,0.0,0.0,,3.0,False,False,0.0,1.0,False,False
102,98,WNT9A,FZD5_LRP5,2.0,FZD5;LRP5,1.0,0.0,0.0,,3.0,False,False,0.0,1.0,False,False
102,98,WNT9A,FZD5_LRP6,2.0,FZD5;LRP6,1.0,0.0,0.0,,4.0,False,False,0.0,3.0,False,False
102,98,WNT9A,FZD6_LRP5,2.0,FZD6;LRP5,1.0,0.0,0.0,,5.0,False,False,0.0,4.0,False,False
102,98,WNT9A,FZD6_LRP6,2.0,FZD6;LRP6,1.0,0.0,0.0,,6.0,False,False,0.0,3.0,False,False
102,98,WNT9A,FZD7_LRP5,2.0,FZD7;LRP5,1.0,0.0,0.0,,1.0,False,False,0.0,1.0,False,False
102,98,WNT9A,FZD7_LRP6,2.0,FZD7;LRP6,1.0,0.0,0.0,,2.0,False,False,0.0,1.0,False,False
102,98,WNT9A,FZD8_LRP5,2.0,FZD8;LRP5,1.0,0.0,0.0,,1.0,False,False,0.0,0.0,False,False
102,98,WNT9A,FZD8_LRP6,2.0,FZD8;LRP6,1.0,0.0,0.0,,2.0,False,False,0.0,2.0,False,False
102,98,WNT9A,FZD9_LRP5,2.0,FZD9;LRP5,1.0,0.0,0.0,,0.0,False,False,0.0,0.0,False,False
102,98,WNT9A,FZD9_LRP6,2.0,FZD9;LRP6,1.0,0.0,0.0,,1.0,False,False,0.0,0.0,False,False
102,98,SUMMARY,published_subunit_level,,,,,,,,,,7.0,,,
102,98,SUMMARY,complex_level_min_rule,,,,,,,,6.0,7.0,,,6.0,
102,98,SUMMARY,base_rate_published_subunit_60_of_81_74.1pct,,,,,,,,,,,,,
102,98,SUMMARY,base_rate_complex_min_46_of_103_44.7pct__geomean_79_of_103_76.7pct,,,,,,,,,,,,,
