interaction,max_capacity,floor,passes,floor_fraction_of_GAPDH
AGT_MAS1,0.6232,345.6725,False,0.005
PENK_OPRD1,3.0966,345.6725,False,0.005
UCN_CRHR2,3.3319,345.6725,False,0.005
CCL24_CCR3,5.6045,345.6725,False,0.005
CCL5_CCR3,5.6045,345.6725,False,0.005
PENK_OPRM1,34.3852,345.6725,False,0.005
CCL5_CCR4,37.4532,345.6725,False,0.005
FLT3L_FLT3,44.8425,345.6725,False,0.005
UCN_CRHR1,50.6715,345.6725,False,0.005
IL12B_IL12RB1_IL12RB2,63.0828,345.6725,False,0.005
IL33_IL1RL1_IL1RAP,80.2834,345.6725,False,0.005
PENK_OPRK1,94.8431,345.6725,False,0.005
CCL21_ACKR4,111.1607,345.6725,False,0.005
TAC4_TACR1,111.2615,345.6725,False,0.005
MDK_ALK,114.5385,345.6725,False,0.005
PTN_ALK,114.5385,345.6725,False,0.005
TGFB2_ACVR1C_TGFBR2,123.9693,345.6725,False,0.005
TGFB3_ACVR1C_TGFBR2,123.9693,345.6725,False,0.005
INHB_ACVR1C_ACVR2B,123.9693,345.6725,False,0.005
INHBABB_ACVR1C_ACVR2A,123.9693,345.6725,False,0.005
CXCL16_CXCR6,174.9935,345.6725,False,0.005
CXCL9_CXCR3,181.8905,345.6725,False,0.005
CCL21_CCR7,187.422,345.6725,False,0.005
PENK_OPRL1,205.412,345.6725,False,0.005
CCL3_ACKR2,228.82,345.6725,False,0.005
CCL4_ACKR2,228.82,345.6725,False,0.005
CCL5_ACKR2,228.82,345.6725,False,0.005
CCL24_ACKR2,228.82,345.6725,False,0.005
CCL3_CCR5,362.9965,345.6725,True,0.005
CCL4_CCR5,362.9965,345.6725,True,0.005
CCL5_CCR5,362.9965,345.6725,True,0.005
CCL3_CCR1,388.0285,345.6725,True,0.005
CCL5_CCR1,388.0285,345.6725,True,0.005
WNT9A_FZD3_LRP6,418.0935,345.6725,True,0.005
WNT10B_FZD3_LRP6,418.0935,345.6725,True,0.005
WNT10B_FZD3_LRP5,418.0935,345.6725,True,0.005
WNT9A_FZD3_LRP5,418.0935,345.6725,True,0.005
WNT9A_FZD10_LRP6,424.4194,345.6725,True,0.005
WNT10B_FZD10_LRP6,424.4194,345.6725,True,0.005
WNT10B_FZD10_LRP5,424.4194,345.6725,True,0.005
WNT9A_FZD10_LRP5,424.4194,345.6725,True,0.005
GZMA_F2RL3,439.84,345.6725,True,0.005
BMP4_BMPR1B_ACVR2A,455.584,345.6725,True,0.005
BMP6_BMPR1B_ACVR2A,455.584,345.6725,True,0.005
GDF6_BMPR1B_ACVR2A,455.584,345.6725,True,0.005
GZMA_F2RL2,477.249,345.6725,True,0.005
CXCL9_ACKR1,480.663,345.6725,True,0.005
CCL5_ACKR1,480.663,345.6725,True,0.005
WNT9A_FZD9_LRP6,490.161,345.6725,True,0.005
WNT10B_FZD9_LRP6,490.161,345.6725,True,0.005
WNT10B_FZD9_LRP5,513.3045,345.6725,True,0.005
WNT9A_FZD9_LRP5,513.3045,345.6725,True,0.005
GDF6_BMPR1A_ACVR2A,604.369,345.6725,True,0.005
GDF10_ACVR1B_ACVR2A,604.369,345.6725,True,0.005
BMP4_BMPR1A_ACVR2A,604.369,345.6725,True,0.005
BMP6_BMPR1A_ACVR2A,604.369,345.6725,True,0.005
INHBABB_ACVR1B_ACVR2A,604.369,345.6725,True,0.005
INHBA_ACVR1B_ACVR2A,604.369,345.6725,True,0.005
BMP6_ACVR1_ACVR2A,604.369,345.6725,True,0.005
INHABA_ACVR2A,604.369,345.6725,True,0.005
MSTN_ACVR1B_ACVR2A,604.369,345.6725,True,0.005
MSTN_TGFBR1_ACVR2A,604.369,345.6725,True,0.005
NRG1_ERBB2_ERBB4,639.473,345.6725,True,0.005
HBEGF_ERBB2_ERBB4,639.473,345.6725,True,0.005
WNT9A_FZD8_LRP5,680.372,345.6725,True,0.005
WNT10B_FZD8_LRP6,680.372,345.6725,True,0.005
WNT9A_FZD8_LRP6,680.372,345.6725,True,0.005
WNT10B_FZD8_LRP5,680.372,345.6725,True,0.005
GDF6_BMPR1A_ACVR2B,683.4975,345.6725,True,0.005
BMP4_BMPR1B_ACVR2B,683.4975,345.6725,True,0.005
BMP4_BMPR1A_ACVR2B,683.4975,345.6725,True,0.005
BMP6_BMPR1B_ACVR2B,683.4975,345.6725,True,0.005
GDF6_BMPR1B_ACVR2B,683.4975,345.6725,True,0.005
BMP6_BMPR1A_ACVR2B,683.4975,345.6725,True,0.005
AGT_AGTR1B,802.509,345.6725,True,0.005
BMP4_BMPR1A_BMPR2,803.516,345.6725,True,0.005
GDF6_BMPR1A_BMPR2,803.516,345.6725,True,0.005
BMP6_BMPR1A_BMPR2,803.516,345.6725,True,0.005
BMP6_ACVR1_ACVR2B,826.4655,345.6725,True,0.005
SEMA3B_NRP1_PLXNA4,838.041,345.6725,True,0.005
MDK_ITGA4_ITGB1,931.584,345.6725,True,0.005
WNT9A_FZD4_LRP6,996.0479,345.6725,True,0.005
WNT10B_FZD4_LRP6,996.0479,345.6725,True,0.005
NRG1_ERBB4,1039.705,345.6725,True,0.005
HBEGF_ERBB4,1039.705,345.6725,True,0.005
SEMA3B_NRP2_PLXNA4,1078.33,345.6725,True,0.005
WNT9A_FZD6_LRP6,1079.7103,345.6725,True,0.005
WNT10B_FZD6_LRP6,1079.7103,345.6725,True,0.005
IL17B_IL17RB,1100.73,345.6725,True,0.005
CX3CL1_CX3CR1,1135.535,345.6725,True,0.005
WNT9A_FZD2_LRP6,1140.95,345.6725,True,0.005
WNT9A_FZD2_LRP5,1140.95,345.6725,True,0.005
WNT10B_FZD2_LRP5,1140.95,345.6725,True,0.005
WNT10B_FZD2_LRP6,1140.95,345.6725,True,0.005
GAS6_MERTK,1180.535,345.6725,True,0.005
WNT10B_FZD7_LRP6,1238.61,345.6725,True,0.005
WNT9A_FZD1_LRP6,1238.61,345.6725,True,0.005
WNT10B_FZD1_LRP6,1238.61,345.6725,True,0.005
WNT9A_FZD7_LRP6,1238.61,345.6725,True,0.005
WNT9A_FZD7_LRP5,1273.54,345.6725,True,0.005
WNT10B_FZD7_LRP5,1273.54,345.6725,True,0.005
NTF3_NTRK3,1301.275,345.6725,True,0.005
LGALS9_HAVCR2,1382.36,345.6725,True,0.005
SEMA3B_NRP2_PLXNA3,1389.05,345.6725,True,0.005
MSTN_TGFBR1_ACVR2B,1477.485,345.6725,True,0.005
LGALS9_CD45,1530.63,345.6725,True,0.005
SEMA3B_NRP2_PLXNA2,1570.31,345.6725,True,0.005
GZMA_PARD3,1621.83,345.6725,True,0.005
INHBABB_ACVR1B_ACVR2B,1629.48,345.6725,True,0.005
MSTN_ACVR1B_ACVR2B,1629.48,345.6725,True,0.005
INHBA_ACVR1B_ACVR2B,1629.48,345.6725,True,0.005
WNT10B_FZD5_LRP5,1642.195,345.6725,True,0.005
WNT9A_FZD5_LRP5,1642.195,345.6725,True,0.005
SEMA3B_NRP1_PLXNA2,1649.51,345.6725,True,0.005
TNF_TNFRSF1B,1859.78,345.6725,True,0.005
NTF3_NTRK1,1862.77,345.6725,True,0.005
WNT9A_FZD6_LRP5,1882.87,345.6725,True,0.005
WNT10B_FZD6_LRP5,1882.87,345.6725,True,0.005
WNT9A_FZD5_LRP6,1917.36,345.6725,True,0.005
WNT10B_FZD5_LRP6,1917.36,345.6725,True,0.005
GZMA_F2RL1,1937.455,345.6725,True,0.005
CTF1_LIFR_IL6ST,1994.87,345.6725,True,0.005
WNT9A_FZD1_LRP5,1995.255,345.6725,True,0.005
WNT10B_FZD1_LRP5,1995.255,345.6725,True,0.005
WNT10B_FZD4_LRP5,1995.255,345.6725,True,0.005
WNT9A_FZD4_LRP5,1995.255,345.6725,True,0.005
IL16_CD4,2173.51,345.6725,True,0.005
BMP4_BMPR1B_BMPR2,2213.86,345.6725,True,0.005
BMP6_BMPR1B_BMPR2,2213.86,345.6725,True,0.005
GDF6_BMPR1B_BMPR2,2213.86,345.6725,True,0.005
TGFB2_ACVR1_TGFBR1,2309.08,345.6725,True,0.005
TGFB3_TGFBR1_TGFBR2,2309.08,345.6725,True,0.005
TGFB3_ACVR1_TGFBR1,2309.08,345.6725,True,0.005
TGFB2_TGFBR1_TGFBR2,2309.08,345.6725,True,0.005
BMP6_ACVR1_BMPR2,2330.38,345.6725,True,0.005
GDF9_ACVR1B_BMPR2,2332.65,345.6725,True,0.005
SEMA3B_NRP1_PLXNA1,2465.88,345.6725,True,0.005
GZMA_F2R,2598.58,345.6725,True,0.005
IGF1_ITGAV_ITGB3,2672.68,345.6725,True,0.005
NRG1_ITGAV_ITGB3,2672.68,345.6725,True,0.005
IGF2_ITGAV_ITGB3,2672.68,345.6725,True,0.005
POSTN_ITGAV_ITGB3,2672.68,345.6725,True,0.005
PTN_ITGAV_ITGB3,2672.68,345.6725,True,0.005
TGFB3_ACVR1B_TGFBR2,2684.285,345.6725,True,0.005
TGFB2_ACVR1B_TGFBR2,2684.285,345.6725,True,0.005
HBEGF_EGFR_ERBB2,2885.97,345.6725,True,0.005
SEMA3B_NRP1_PLXNA3,2966.83,345.6725,True,0.005
GAS6_AXL,3331.17,345.6725,True,0.005
PROS1_AXL,3331.17,345.6725,True,0.005
NPPB_NPR1,3374.19,345.6725,True,0.005
NPPA_NPR1,3374.19,345.6725,True,0.005
FGF1_FGFR2,3954.53,345.6725,True,0.005
HBEGF_EGFR,4086.175,345.6725,True,0.005
IGF1_IGF1R,4455.395,345.6725,True,0.005
IGF2_IGF1R,4455.395,345.6725,True,0.005
FGF1_FGFR3,4725.46,345.6725,True,0.005
PROS1_TYRO3,4804.65,345.6725,True,0.005
GAS6_TYRO3,4804.65,345.6725,True,0.005
POSTN_ITGAV_ITGB5,5021.68,345.6725,True,0.005
IGF2_IGF2R,5216.98,345.6725,True,0.005
SEMA3B_NRP2_PLXNA1,5317.86,345.6725,True,0.005
TNF_TNFRSF1A,5865.07,345.6725,True,0.005
FGF1_FGFR4,6060.745,345.6725,True,0.005
GDF15_TGFBR2,6239.74,345.6725,True,0.005
TNFSF12_TNFRSF12A,6258.3,345.6725,True,0.005
FGF1_FGFR1,6628.63,345.6725,True,0.005
NRG1_ERBB2_ERBB3,6958.87,345.6725,True,0.005
PDGFD_PDGFRB,7346.09,345.6725,True,0.005
GRN_SORT1,10308.1,345.6725,True,0.005
MDK_ITGA6_ITGB1,10630.25,345.6725,True,0.005
NRG1_ERBB3,10815.0,345.6725,True,0.005
PTN_SDC2,11004.6,345.6725,True,0.005
MDK_SDC2,11004.6,345.6725,True,0.005
VEGFB_VEGFR1,11788.4,345.6725,True,0.005
PTN_SDC3,14626.5,345.6725,True,0.005
IGF1_ITGA6_ITGB4,17473.5,345.6725,True,0.005
IGF2_ITGA6_ITGB4,17473.5,345.6725,True,0.005
MDK_NCL,22621.35,345.6725,True,0.005
PTN_NCL,22621.35,345.6725,True,0.005
MDK_LRP1,23276.4,345.6725,True,0.005
PTN_SDC4,26282.45,345.6725,True,0.005
MDK_SDC4,26282.45,345.6725,True,0.005
PTN_SDC1,28027.1,345.6725,True,0.005
MDK_SDC1,28027.1,345.6725,True,0.005
MDK_PTPRZ1,32670.45,345.6725,True,0.005
PTN_PTPRZ1,32670.45,345.6725,True,0.005
NTF3_NTRK2,35977.35,345.6725,True,0.005
LGALS9_CD44,72587.35,345.6725,True,0.005
