rank,tumor_type,tumor_name,n_samples,score,ci_low,ci_high,rank_mean,rank_sd,score_double_centered,rank_double_centered,null_p_primary,null_p_double_centered,score_no_floor
1,UCS,Uterine carcinosarcoma,57,0.678524317682128,0.3997248977539157,0.9141854603560469,1.155,0.549298938018517,0.6216210249346625,6.0,0.0033222591362126247,0.0033222591362126247,0.5614398678629945
2,OV,Ovarian serous cystadenocarcinoma,305,0.43228294079272717,0.22979605634426034,0.6180277938694204,2.9025,1.64308950083963,0.7799605809311118,2.0,0.059800664451827246,0.0033222591362126247,0.333799642558014
3,KIRC,Kidney renal clear cell carcinoma,533,0.37658562308283733,0.21586393566874815,0.5158437008267801,3.21,1.4127596130661355,0.1288128856760153,12.0,0.013289036544850499,0.9435215946843853,0.3055713513005864
4,THCA,Thyroid carcinoma,505,0.28499790675554715,0.11945015208168865,0.4338185027433904,5.385,2.30108942271445,-0.45588255223582186,25.0,0.09634551495016612,0.9900332225913622,0.2326385754655138
5,PRAD,Prostate adenocarcinoma,497,0.27157685908915014,0.11316362663943216,0.39380242644758284,5.8575,2.2123358299682723,0.725522428508323,4.0,0.08305647840531562,0.006644518272425249,0.2242764893833264
6,PAAD,Pancreatic adenocarcinoma,178,0.24355963076697454,0.13590273818894577,0.36069405652287806,6.6675,1.9238494592495112,-0.27075576641691196,22.0,0.03322259136212625,0.8637873754152824,0.2290658002297967
7,TGCT,Testicular germ cell tumors,150,0.221783616536851,0.006581031771191285,0.41245898543458503,7.665,3.460884178681167,0.4906968777529828,7.0,0.5514950166112956,0.026578073089700997,0.2660770088368649
8,BRCA,Breast invasive carcinoma,1097,0.2006964213885417,0.07960670952047484,0.32042408203668615,8.1575,2.011917812239859,0.22987016456796983,10.0,0.009966777408637873,0.5249169435215947,0.17747310102584624
9,UCEC,Uterine corpus endometrial carcinoma,532,0.18411584701585143,-0.04034009116094647,0.3497654840553827,8.9675,3.6420605792817193,0.7294999261180136,3.0,0.09634551495016612,0.0033222591362126247,0.13055174344605683
10,MESO,Mesothelioma,87,0.14973119397068546,-0.06122412963589537,0.354576307784987,10.19,4.023602047119466,0.37486943448133453,8.0,0.1362126245847176,0.029900332225913623,0.13325690880605384
11,LUSC,Lung squamous cell carcinoma,503,0.14196352540028745,0.009367652374982329,0.2730758245249324,10.1675,2.4432288406778024,-0.5351677969469215,26.0,0.25249169435215946,1.0,0.14335237375146392
12,KIRP,Kidney renal papillary cell carcinoma,290,0.10153952949408619,-0.06793930866028026,0.2548551389715795,12.24,3.1339998224661794,0.307878817028051,9.0,0.15946843853820597,0.23920265780730898,0.03290553629537324
13,GBM,Glioblastoma multiforme,156,0.04487602039292382,-0.13751088041370876,0.22663037436759914,14.0125,3.4463076387420974,-0.7180072068478537,28.0,0.5946843853820598,1.0,0.04554589872306933
14,ESCA,Esophageal carcinoma,184,0.03831160345785163,-0.07316223027350745,0.1457099171127514,14.1525,2.2896177899510106,-0.3300365767249236,23.0,0.3654485049833887,0.9867109634551495,-0.006125053431623616
15,LUAD,Lung adenocarcinoma,515,0.03451653743260467,-0.05954173768463787,0.12481074734300951,14.385,1.9903967438666563,0.07564522594284111,14.0,0.11960132890365449,0.9833887043189369,0.09370721233229182
16,SARC,Sarcoma,259,0.029014350177715014,-0.11718164929633965,0.15665901732116352,14.7475,2.6269747316260017,0.22985881011058099,11.0,0.3554817275747508,0.5481727574750831,-0.03655679908772538
17,STAD,Stomach adenocarcinoma,415,0.014634591373765361,-0.07181483674594563,0.10703922026979146,15.1625,2.0015266729565186,0.08175940725377455,13.0,0.39867109634551495,0.8338870431893688,0.026158676919681146
18,LGG,Brain lower grade glioma,516,-0.08236611220506866,-0.2562929286922098,0.08912967971934083,18.3575,2.764742891869941,-1.154413514840611,29.0,0.760797342192691,0.9036544850498339,0.010957783332872601
19,HNSC,Head and neck squamous cell carcinoma,520,-0.0878138963040753,-0.2073118189188593,0.0530895978347096,18.465,2.086782608259744,-1.4595363976466644,30.0,0.6943521594684385,0.9867109634551495,-0.06811149382347162
20,KICH,Kidney chromophobe,66,-0.1619059848203451,-0.2783954946495694,-0.019606973648639347,20.6325,2.1941923229003164,0.02706565979494462,16.0,0.7641196013289037,0.7109634551495017,-0.18989014569946516
21,PCPG,Pheochromocytoma and paraganglioma,179,-0.16528961297138384,-0.28099225825878615,-0.03497330585242607,20.9725,2.0548234714317597,0.633067555027814,5.0,0.6644518272425249,0.09634551495016612,0.10050540650424696
22,CHOL,Cholangiocarcinoma,36,-0.1813423556385014,-0.27294405676288824,-0.0955307539952545,21.2625,1.6764904714169655,-0.06978650448403273,19.0,0.3853820598006645,0.7940199335548173,-0.23074723523495236
23,SKCM,Skin cutaneous melanoma,103,-0.2389336331320066,-0.3502547582376364,-0.1255329140440872,23.2925,2.004242055126787,-0.009506097477715662,17.0,0.9800664451827242,0.38870431893687707,-0.19525134696188842
24,READ,Rectum adenocarcinoma,160,-0.24353859159226768,-0.3344760015957863,-0.1425747481063611,23.37,1.542416162728989,-0.03409179753105512,18.0,0.9401993355481728,0.7541528239202658,-0.2063373889671091
25,COAD,Colon adenocarcinoma,452,-0.2768078587802478,-0.37260999716111237,-0.17739899447081744,25.145,1.4226858710619497,0.028267876635828346,15.0,0.946843853820598,0.7441860465116279,-0.24061081383028607
26,BLCA,Bladder urothelial carcinoma,408,-0.29822171344409215,-0.36897160414198443,-0.22465946605726392,25.6575,1.211967786200181,-0.2393114089641733,21.0,0.9900332225913622,0.9534883720930233,-0.26482536289499514
27,CESC,Cervical squamous cell carcinoma and endocervical adenocarcinoma,305,-0.3361476326297187,-0.44135678252965305,-0.22676809063236886,26.6175,1.4427048357539283,-0.15310077754485324,20.0,0.9933554817275747,0.8604651162790697,-0.3187175993860571
28,UVM,Uveal melanoma,80,-0.4300570443391679,-0.6587472702134182,-0.2275282661454161,28.0775,1.7576167932686435,-0.5991042941801537,27.0,0.8837209302325582,0.627906976744186,-0.3971404872379889
29,LIHC,Liver hepatocellular carcinoma,371,-0.4571608508937865,-0.6059447952685891,-0.30083708938217757,28.705,1.0890086545221118,-0.33767257839439224,24.0,0.9269102990033222,0.53156146179402,-0.37267043227146135
30,ACC,Adrenocortical carcinoma,79,-0.4891252280598652,-0.5686791389615107,-0.4101613432471339,29.42,0.6241585814815757,0.9019765954718357,1.0,1.0,0.0033222591362126247,-0.5202992179470274
