dataset,metric_level,cell_type,gene,contrast,n_cells,pct_total_PTN_counts,mean_PTN_cp10k,pct_cells_PTN_pos,n_case_donors,n_ctrl_donors,mean_log2cp10k_case,mean_log2cp10k_ctrl,log2FC_pseudobulk,mannwhitney_p,fdr
"CELLxGENE 65badd7a (Reichart 2022 DCM/ACM snRNA-seq, n=67 donors)",cell_type_marker_share,fibroblast of cardiac tissue,,,118389.0,70.7403,1.4939,25.7237,,,,,,,
"CELLxGENE 65badd7a (Reichart 2022 DCM/ACM snRNA-seq, n=67 donors)",cell_type_marker_share,unknown,,,40561.0,8.9927,0.4391,10.3104,,,,,,,
"CELLxGENE 65badd7a (Reichart 2022 DCM/ACM snRNA-seq, n=67 donors)",cell_type_marker_share,mural cell,,,128390.0,8.4933,0.271,3.7223,,,,,,,
"CELLxGENE 65badd7a (Reichart 2022 DCM/ACM snRNA-seq, n=67 donors)",cell_type_marker_share,cardiac muscle cell,,,197321.0,6.2378,0.0423,1.9881,,,,,,,
"CELLxGENE 65badd7a (Reichart 2022 DCM/ACM snRNA-seq, n=67 donors)",cell_type_marker_share,endothelial cell,,,103157.0,2.4972,0.1166,1.5365,,,,,,,
"CELLxGENE 65badd7a (Reichart 2022 DCM/ACM snRNA-seq, n=67 donors)",cell_type_marker_share,myeloid cell,,,52583.0,1.1867,0.0826,1.4453,,,,,,,
"CELLxGENE 65badd7a (Reichart 2022 DCM/ACM snRNA-seq, n=67 donors)",cell_type_marker_share,cardiac neuron,,,8167.0,1.0527,0.3223,5.8896,,,,,,,
"CELLxGENE 65badd7a (Reichart 2022 DCM/ACM snRNA-seq, n=67 donors)",cell_type_marker_share,adipocyte,,,1669.0,0.4092,0.2535,10.9047,,,,,,,
"CELLxGENE 65badd7a (Reichart 2022 DCM/ACM snRNA-seq, n=67 donors)",cell_type_marker_share,lymphocyte,,,14712.0,0.3611,0.1517,1.5566,,,,,,,
"CELLxGENE 65badd7a (Reichart 2022 DCM/ACM snRNA-seq, n=67 donors)",cell_type_marker_share,mast cell,,,1006.0,0.0291,0.1838,1.8887,,,,,,,
"CELLxGENE 1c739a3e (Kuppe 2022 myocardial infarction snRNA-seq, n=20 donors)",cell_type_marker_share,fibroblast of cardiac tissue,,,47309.0,61.6091,0.799,14.771,,,,,,,
"CELLxGENE 1c739a3e (Kuppe 2022 myocardial infarction snRNA-seq, n=20 donors)",cell_type_marker_share,cardiac muscle myoblast,,,64510.0,16.185,0.0592,3.8831,,,,,,,
"CELLxGENE 1c739a3e (Kuppe 2022 myocardial infarction snRNA-seq, n=20 donors)",cell_type_marker_share,cardiac endothelial cell,,,32684.0,7.8865,0.2435,3.7082,,,,,,,
"CELLxGENE 1c739a3e (Kuppe 2022 myocardial infarction snRNA-seq, n=20 donors)",cell_type_marker_share,pericyte,,,11752.0,4.8967,0.3709,6.0075,,,,,,,
"CELLxGENE 1c739a3e (Kuppe 2022 myocardial infarction snRNA-seq, n=20 donors)",cell_type_marker_share,immature innate lymphoid cell,,,21082.0,4.2905,0.1971,3.2113,,,,,,,
"CELLxGENE 1c739a3e (Kuppe 2022 myocardial infarction snRNA-seq, n=20 donors)",cell_type_marker_share,smooth muscle myoblast,,,2736.0,1.5891,0.414,7.8582,,,,,,,
"CELLxGENE 1c739a3e (Kuppe 2022 myocardial infarction snRNA-seq, n=20 donors)",cell_type_marker_share,lymphoid lineage restricted progenitor cell,,,5064.0,1.2418,0.2762,3.7125,,,,,,,
"CELLxGENE 1c739a3e (Kuppe 2022 myocardial infarction snRNA-seq, n=20 donors)",cell_type_marker_share,unknown,,,2980.0,1.0182,0.2989,4.8322,,,,,,,
"CELLxGENE 1c739a3e (Kuppe 2022 myocardial infarction snRNA-seq, n=20 donors)",cell_type_marker_share,neuronal receptor cell,,,2436.0,0.8534,0.3241,5.3366,,,,,,,
"CELLxGENE 1c739a3e (Kuppe 2022 myocardial infarction snRNA-seq, n=20 donors)",cell_type_marker_share,adipocyte of epicardial fat of left ventricle,,,523.0,0.2413,0.1025,5.5449,,,,,,,
"CELLxGENE 1c739a3e (Kuppe 2022 myocardial infarction snRNA-seq, n=20 donors)",cell_type_marker_share,mast cell,,,719.0,0.1883,0.2519,4.1725,,,,,,,
"CELLxGENE 65badd7a (Reichart 2022 DCM/ACM snRNA-seq, n=67 donors)",donor_pseudobulk_test,fibroblast of cardiac tissue,PTN,dilated cardiomyopathy vs normal,,,,,52.0,6.0,1.3586,1.3304,0.0281,0.7367,0.8707
"CELLxGENE 65badd7a (Reichart 2022 DCM/ACM snRNA-seq, n=67 donors)",donor_pseudobulk_test,fibroblast of cardiac tissue,COL1A1,dilated cardiomyopathy vs normal,,,,,52.0,6.0,1.3867,1.6962,-0.3096,0.2632,0.658
"CELLxGENE 65badd7a (Reichart 2022 DCM/ACM snRNA-seq, n=67 donors)",donor_pseudobulk_test,fibroblast of cardiac tissue,POSTN,dilated cardiomyopathy vs normal,,,,,52.0,6.0,1.6494,0.9838,0.6656,0.1452,0.4841
"CELLxGENE 65badd7a (Reichart 2022 DCM/ACM snRNA-seq, n=67 donors)",donor_pseudobulk_test,fibroblast of cardiac tissue,PTN,arrhythmogenic right ventricular cardiomyopathy vs normal,,,,,8.0,6.0,1.0194,1.3304,-0.311,0.1812,0.5435
"CELLxGENE 65badd7a (Reichart 2022 DCM/ACM snRNA-seq, n=67 donors)",donor_pseudobulk_test,fibroblast of cardiac tissue,COL1A1,arrhythmogenic right ventricular cardiomyopathy vs normal,,,,,8.0,6.0,1.0685,1.6962,-0.6277,0.02,0.1998
"CELLxGENE 65badd7a (Reichart 2022 DCM/ACM snRNA-seq, n=67 donors)",donor_pseudobulk_test,fibroblast of cardiac tissue,POSTN,arrhythmogenic right ventricular cardiomyopathy vs normal,,,,,8.0,6.0,0.6494,0.9838,-0.3344,0.8518,0.9302
"CELLxGENE 65badd7a (Reichart 2022 DCM/ACM snRNA-seq, n=67 donors)",donor_pseudobulk_test,cardiac muscle cell,PTN,dilated cardiomyopathy vs normal,,,,,51.0,6.0,0.0481,0.04,0.008,0.5761,0.823
"CELLxGENE 65badd7a (Reichart 2022 DCM/ACM snRNA-seq, n=67 donors)",donor_pseudobulk_test,cardiac muscle cell,COL1A1,dilated cardiomyopathy vs normal,,,,,51.0,6.0,0.081,0.1049,-0.0239,0.3383,0.6846
"CELLxGENE 65badd7a (Reichart 2022 DCM/ACM snRNA-seq, n=67 donors)",donor_pseudobulk_test,cardiac muscle cell,POSTN,dilated cardiomyopathy vs normal,,,,,51.0,6.0,0.0992,0.1308,-0.0316,0.3651,0.6846
"CELLxGENE 65badd7a (Reichart 2022 DCM/ACM snRNA-seq, n=67 donors)",donor_pseudobulk_test,cardiac muscle cell,PTN,arrhythmogenic right ventricular cardiomyopathy vs normal,,,,,8.0,6.0,0.0402,0.04,0.0001,0.9497,0.9825
"CELLxGENE 65badd7a (Reichart 2022 DCM/ACM snRNA-seq, n=67 donors)",donor_pseudobulk_test,cardiac muscle cell,COL1A1,arrhythmogenic right ventricular cardiomyopathy vs normal,,,,,8.0,6.0,0.0805,0.1049,-0.0244,0.5728,0.823
"CELLxGENE 65badd7a (Reichart 2022 DCM/ACM snRNA-seq, n=67 donors)",donor_pseudobulk_test,cardiac muscle cell,POSTN,arrhythmogenic right ventricular cardiomyopathy vs normal,,,,,8.0,6.0,0.0597,0.1308,-0.0711,0.1419,0.4841
"CELLxGENE 65badd7a (Reichart 2022 DCM/ACM snRNA-seq, n=67 donors)",donor_pseudobulk_test,mural cell,PTN,dilated cardiomyopathy vs normal,,,,,52.0,6.0,0.3825,0.3045,0.078,0.3218,0.6846
"CELLxGENE 65badd7a (Reichart 2022 DCM/ACM snRNA-seq, n=67 donors)",donor_pseudobulk_test,mural cell,COL1A1,dilated cardiomyopathy vs normal,,,,,52.0,6.0,0.6801,1.2805,-0.6004,0.0,0.0
"CELLxGENE 65badd7a (Reichart 2022 DCM/ACM snRNA-seq, n=67 donors)",donor_pseudobulk_test,mural cell,POSTN,dilated cardiomyopathy vs normal,,,,,52.0,6.0,0.1174,0.1239,-0.0064,0.8682,0.9302
"CELLxGENE 65badd7a (Reichart 2022 DCM/ACM snRNA-seq, n=67 donors)",donor_pseudobulk_test,mural cell,PTN,arrhythmogenic right ventricular cardiomyopathy vs normal,,,,,8.0,6.0,0.3042,0.3045,-0.0003,0.662,0.8516
"CELLxGENE 65badd7a (Reichart 2022 DCM/ACM snRNA-seq, n=67 donors)",donor_pseudobulk_test,mural cell,COL1A1,arrhythmogenic right ventricular cardiomyopathy vs normal,,,,,8.0,6.0,0.7623,1.2805,-0.5182,0.02,0.1998
"CELLxGENE 65badd7a (Reichart 2022 DCM/ACM snRNA-seq, n=67 donors)",donor_pseudobulk_test,mural cell,POSTN,arrhythmogenic right ventricular cardiomyopathy vs normal,,,,,8.0,6.0,0.0787,0.1239,-0.0452,0.662,0.8516
"CELLxGENE 65badd7a (Reichart 2022 DCM/ACM snRNA-seq, n=67 donors)",donor_pseudobulk_test,endothelial cell,PTN,dilated cardiomyopathy vs normal,,,,,52.0,6.0,0.1341,0.1553,-0.0212,0.3605,0.6846
"CELLxGENE 65badd7a (Reichart 2022 DCM/ACM snRNA-seq, n=67 donors)",donor_pseudobulk_test,endothelial cell,COL1A1,dilated cardiomyopathy vs normal,,,,,52.0,6.0,0.0893,0.1628,-0.0736,0.0802,0.4009
"CELLxGENE 65badd7a (Reichart 2022 DCM/ACM snRNA-seq, n=67 donors)",donor_pseudobulk_test,endothelial cell,POSTN,dilated cardiomyopathy vs normal,,,,,52.0,6.0,1.3697,1.1971,0.1726,1.0,1.0
"CELLxGENE 65badd7a (Reichart 2022 DCM/ACM snRNA-seq, n=67 donors)",donor_pseudobulk_test,endothelial cell,PTN,arrhythmogenic right ventricular cardiomyopathy vs normal,,,,,8.0,6.0,0.1498,0.1553,-0.0055,0.4908,0.8181
"CELLxGENE 65badd7a (Reichart 2022 DCM/ACM snRNA-seq, n=67 donors)",donor_pseudobulk_test,endothelial cell,COL1A1,arrhythmogenic right ventricular cardiomyopathy vs normal,,,,,8.0,6.0,0.0539,0.1628,-0.1089,0.0426,0.2557
"CELLxGENE 65badd7a (Reichart 2022 DCM/ACM snRNA-seq, n=67 donors)",donor_pseudobulk_test,endothelial cell,POSTN,arrhythmogenic right ventricular cardiomyopathy vs normal,,,,,8.0,6.0,2.0325,1.1971,0.8355,0.0293,0.2198
"CELLxGENE 65badd7a (Reichart 2022 DCM/ACM snRNA-seq, n=67 donors)",donor_pseudobulk_test,myeloid cell,PTN,dilated cardiomyopathy vs normal,,,,,50.0,6.0,0.0864,0.0753,0.0111,0.6813,0.8516
"CELLxGENE 65badd7a (Reichart 2022 DCM/ACM snRNA-seq, n=67 donors)",donor_pseudobulk_test,myeloid cell,COL1A1,dilated cardiomyopathy vs normal,,,,,50.0,6.0,0.0587,0.1194,-0.0607,0.1209,0.4841
"CELLxGENE 65badd7a (Reichart 2022 DCM/ACM snRNA-seq, n=67 donors)",donor_pseudobulk_test,myeloid cell,POSTN,dilated cardiomyopathy vs normal,,,,,50.0,6.0,0.0724,0.0743,-0.0019,0.4417,0.7795
"CELLxGENE 65badd7a (Reichart 2022 DCM/ACM snRNA-seq, n=67 donors)",donor_pseudobulk_test,myeloid cell,PTN,arrhythmogenic right ventricular cardiomyopathy vs normal,,,,,8.0,6.0,0.1007,0.0753,0.0254,0.5728,0.823
"CELLxGENE 65badd7a (Reichart 2022 DCM/ACM snRNA-seq, n=67 donors)",donor_pseudobulk_test,myeloid cell,COL1A1,arrhythmogenic right ventricular cardiomyopathy vs normal,,,,,8.0,6.0,0.0425,0.1194,-0.0769,0.2284,0.623
"CELLxGENE 65badd7a (Reichart 2022 DCM/ACM snRNA-seq, n=67 donors)",donor_pseudobulk_test,myeloid cell,POSTN,arrhythmogenic right ventricular cardiomyopathy vs normal,,,,,8.0,6.0,0.0447,0.0743,-0.0296,0.7546,0.8707
"CELLxGENE 1c739a3e (Kuppe 2022 myocardial infarction snRNA-seq, n=20 donors)",donor_pseudobulk_test,fibroblast of cardiac tissue,PTN,myocardial infarction vs normal,,,,,16.0,4.0,0.7786,1.2087,-0.4301,0.064,0.2985
"CELLxGENE 1c739a3e (Kuppe 2022 myocardial infarction snRNA-seq, n=20 donors)",donor_pseudobulk_test,fibroblast of cardiac tissue,COL1A1,myocardial infarction vs normal,,,,,16.0,4.0,2.2313,1.2058,1.0255,0.0995,0.2985
"CELLxGENE 1c739a3e (Kuppe 2022 myocardial infarction snRNA-seq, n=20 donors)",donor_pseudobulk_test,fibroblast of cardiac tissue,POSTN,myocardial infarction vs normal,,,,,16.0,4.0,2.3157,0.545,1.7708,0.0293,0.2985
"CELLxGENE 1c739a3e (Kuppe 2022 myocardial infarction snRNA-seq, n=20 donors)",donor_pseudobulk_test,cardiac muscle myoblast,PTN,myocardial infarction vs normal,,,,,14.0,4.0,0.0536,0.0727,-0.0191,0.6451,0.7037
"CELLxGENE 1c739a3e (Kuppe 2022 myocardial infarction snRNA-seq, n=20 donors)",donor_pseudobulk_test,cardiac muscle myoblast,COL1A1,myocardial infarction vs normal,,,,,14.0,4.0,0.344,0.1702,0.1738,0.5739,0.6886
"CELLxGENE 1c739a3e (Kuppe 2022 myocardial infarction snRNA-seq, n=20 donors)",donor_pseudobulk_test,cardiac muscle myoblast,POSTN,myocardial infarction vs normal,,,,,14.0,4.0,0.3068,0.2164,0.0905,0.7209,0.7209
"CELLxGENE 1c739a3e (Kuppe 2022 myocardial infarction snRNA-seq, n=20 donors)",donor_pseudobulk_test,pericyte,PTN,myocardial infarction vs normal,,,,,16.0,4.0,0.3667,0.5011,-0.1344,0.2114,0.317
"CELLxGENE 1c739a3e (Kuppe 2022 myocardial infarction snRNA-seq, n=20 donors)",donor_pseudobulk_test,pericyte,COL1A1,myocardial infarction vs normal,,,,,16.0,4.0,1.4653,1.1147,0.3506,0.4941,0.6588
"CELLxGENE 1c739a3e (Kuppe 2022 myocardial infarction snRNA-seq, n=20 donors)",donor_pseudobulk_test,pericyte,POSTN,myocardial infarction vs normal,,,,,16.0,4.0,0.9138,0.3685,0.5453,0.2114,0.317
"CELLxGENE 1c739a3e (Kuppe 2022 myocardial infarction snRNA-seq, n=20 donors)",donor_pseudobulk_test,cardiac endothelial cell,PTN,myocardial infarction vs normal,,,,,16.0,4.0,0.2347,0.3731,-0.1384,0.0801,0.2985
"CELLxGENE 1c739a3e (Kuppe 2022 myocardial infarction snRNA-seq, n=20 donors)",donor_pseudobulk_test,cardiac endothelial cell,COL1A1,myocardial infarction vs normal,,,,,16.0,4.0,0.9221,0.3301,0.5921,0.1775,0.317
"CELLxGENE 1c739a3e (Kuppe 2022 myocardial infarction snRNA-seq, n=20 donors)",donor_pseudobulk_test,cardiac endothelial cell,POSTN,myocardial infarction vs normal,,,,,16.0,4.0,2.2152,1.2931,0.9221,0.2114,0.317
