permutation,total_pairs_primary,total_pairs_sens_incl_observed,total_pairs_sens_with_replacement,drawn_set_primary
1,25,23,24,LRP1|ACVR1B|TNFRSF1A|CD44|ITGB1|ITGB4|SORT1
2,40,21,26,ERBB3|ACVR1B|ITGB4|ITGB5|ITGA6|ITGB1|CD44
3,26,27,30,TNFRSF1A|TGFBR1|CD44|ITGA6|IGF2R|SORT1|ERBB2
4,47,23,28,ITGA6|PLXNA1|ERBB3|ITGB4|ITGB1|ERBB2|ITGB5
5,31,22,33,ITGA6|NRP1|ITGB4|IGF2R|ITGB5|ERBB2|TNFRSF1A
6,24,25,24,LRP1|FGFR1|TNFRSF1A|ITGB4|IGF2R|ERBB3|SORT1
7,29,31,29,ERBB3|TGFBR1|LRP1|ITGB1|ERBB2|CD44|ITGB5
8,34,44,37,ERBB2|PDGFRB|ITGA6|CD44|IGF2R|ITGB4|SORT1
9,28,32,16,LRP1|LRP5|TNFRSF1A|ITGB4|ITGA6|ITGB5|ERBB2
10,21,31,41,ITGB1|NRP1|SORT1|ITGB5|LRP1|IGF2R|ERBB3
11,25,36,22,ITGB1|TGFBR2|ITGB5|ITGA6|LRP1|SORT1|ERBB3
12,18,24,29,SORT1|NRP2|ITGB5|IGF2R|CD44|LRP1|TNFRSF1A
13,33,26,35,ITGB1|FGFR1|ERBB2|ERBB3|ITGA6|CD44|SORT1
14,32,30,22,SORT1|NRP1|ITGB4|ITGA6|ERBB2|LRP1|CD44
15,31,27,23,ITGB4|TGFBR1|CD44|ITGB1|SORT1|ITGA6|TNFRSF1A
16,28,36,23,IGF2R|NRP1|SORT1|LRP1|ERBB2|ITGB4|ERBB3
17,34,36,27,ITGB4|NRP2|IGF2R|ERBB2|CD44|ITGA6|TNFRSF1A
18,25,28,23,CD44|TGFBR2|LRP1|ERBB3|ITGB1|TNFRSF1A|ITGB5
19,40,34,49,LRP1|PLXNA1|ITGA6|ITGB4|ITGB1|ITGB5|CD44
20,17,34,22,SORT1|LRP5|LRP1|ERBB2|CD44|IGF2R|ITGB1
21,33,20,29,ITGB5|FGFR1|ERBB3|TNFRSF1A|LRP1|ITGB4|ITGA6
22,32,33,28,ERBB2|PLXNA1|SORT1|TNFRSF1A|ITGB5|IGF2R|ITGB4
23,27,25,28,SORT1|LRP5|TNFRSF1A|IGF2R|ITGA6|CD44|ITGB4
24,32,35,37,IGF2R|TNFRSF12A|CD44|SORT1|ITGB5|ITGA6|TNFRSF1A
25,30,30,37,ITGB4|TGFBR1|LRP1|ERBB3|IGF2R|SORT1|ITGA6
26,24,31,25,ITGB5|NRP1|CD44|TNFRSF1A|ERBB2|ITGB1|SORT1
27,32,30,27,LRP1|NRP1|TNFRSF1A|CD44|ITGB5|ITGA6|ITGB4
28,37,33,33,ITGA6|ACVR1B|ERBB3|ERBB2|ITGB4|IGF2R|ITGB5
29,20,26,18,SORT1|ACVR1B|LRP1|TNFRSF1A|ITGA6|ITGB5|IGF2R
30,30,21,18,TNFRSF1A|PLXNA1|SORT1|ERBB2|LRP1|ITGB4|IGF2R
31,25,19,21,TNFRSF1A|IGF1R|SORT1|ITGA6|CD44|LRP1|ITGB1
32,35,35,41,ITGA6|NRP1|ERBB2|ERBB3|CD44|IGF2R|ITGB1
33,26,25,33,SORT1|NTRK2|TNFRSF1A|ERBB3|ITGB5|ITGB4|LRP1
34,28,33,40,ERBB3|TGFBR1|IGF2R|LRP1|CD44|SORT1|ITGA6
35,23,30,28,ITGB5|NRP1|CD44|SORT1|LRP1|IGF2R|ITGB4
36,22,25,22,ITGB1|FLT1|TNFRSF1A|IGF2R|SORT1|ITGA6|ITGB5
37,25,37,37,CD44|NTRK2|SORT1|ITGA6|ERBB2|LRP1|ITGB1
38,21,32,26,ERBB2|TGFBR1|ITGB5|CD44|LRP1|SORT1|ITGB1
39,33,25,18,CD44|FGFR1|ITGB1|ITGA6|TNFRSF1A|ERBB3|ITGB5
40,34,36,26,ERBB3|PDGFRB|ITGB1|ITGA6|SORT1|TNFRSF1A|ERBB2
41,32,34,35,SORT1|FLT1|ERBB3|TNFRSF1A|ERBB2|ITGB4|ITGB5
42,35,38,27,ITGA6|NRP2|ITGB1|ERBB2|CD44|LRP1|ERBB3
43,27,21,35,ITGB4|NRP1|ITGB5|ITGA6|LRP1|ITGB1|SORT1
44,22,31,32,LRP1|BMPR2|ITGB5|ITGB1|ERBB2|IGF2R|ERBB3
45,20,27,26,SORT1|ACVR1B|ITGA6|IGF2R|ITGB5|LRP1|TNFRSF1A
46,24,28,29,TNFRSF1A|FGFR1|LRP1|SORT1|ITGB5|CD44|ERBB3
47,33,24,30,CD44|FGFR1|TNFRSF1A|ERBB3|ERBB2|ITGB4|SORT1
48,20,21,20,ITGB4|IGF1R|LRP1|ITGB5|ITGB1|IGF2R|SORT1
49,39,26,18,ITGA6|PLXNA1|ERBB2|TNFRSF1A|ITGB4|LRP1|ITGB1
50,23,22,24,LRP1|FGFR1|IGF2R|ITGB4|ITGB5|CD44|TNFRSF1A
51,37,41,45,ERBB2|TNFRSF12A|ERBB3|ITGA6|TNFRSF1A|IGF2R|LRP1
52,22,28,40,ITGB5|NRP2|SORT1|LRP1|ITGB1|ERBB2|CD44
53,41,22,30,TNFRSF1A|PLXNA1|ITGA6|ITGB5|ITGB4|ITGB1|ERBB2
54,42,29,32,ITGB4|TNFRSF12A|ITGB5|ERBB3|IGF2R|ITGA6|TNFRSF1A
55,31,30,29,ITGB4|PDGFRB|ERBB2|ITGB1|IGF2R|LRP1|ITGA6
56,35,30,40,ERBB2|PLXNA1|CD44|ITGB5|LRP1|IGF2R|ITGA6
57,21,22,30,SORT1|BMPR2|CD44|TNFRSF1A|ITGB1|ERBB2|ITGB5
58,31,20,22,ERBB2|TGFBR2|ITGB5|ITGB4|CD44|SORT1|ITGA6
59,37,22,23,ITGA6|ACVR1B|ERBB3|ITGB1|ITGB5|ITGB4|TNFRSF1A
60,35,21,24,ERBB3|PLXNA1|ITGB5|ITGB1|ERBB2|IGF2R|TNFRSF1A
61,30,29,28,ITGB5|LRP5|LRP1|ITGA6|ITGB1|CD44|ERBB3
62,29,35,38,ITGB1|TNFRSF12A|CD44|IGF2R|ERBB2|LRP1|ITGB5
63,27,21,28,LRP1|NRP1|TNFRSF1A|ITGB1|SORT1|ITGB4|ITGA6
64,33,37,36,ITGA6|PDGFRB|ERBB2|ITGB5|IGF2R|ITGB4|TNFRSF1A
65,30,30,27,ITGB5|FGFR1|LRP1|ITGB4|CD44|ITGA6|ITGB1
66,30,21,28,ITGB5|NRP1|TNFRSF1A|CD44|ERBB3|SORT1|ERBB2
67,35,30,32,CD44|TGFBR1|ITGA6|TNFRSF1A|ERBB2|ITGB4|ITGB1
68,26,30,24,ITGB5|LRP5|ITGB4|SORT1|ITGB1|CD44|ERBB2
69,18,31,28,IGF2R|IGF1R|TNFRSF1A|CD44|LRP1|SORT1|ITGB1
70,31,24,28,ITGB4|FGFR1|ERBB2|TNFRSF1A|ITGA6|ITGB5|ITGB1
71,23,30,45,LRP1|IGF1R|ERBB2|ERBB3|IGF2R|SORT1|ITGB5
72,35,38,33,ERBB3|NRP2|IGF2R|ITGB1|ERBB2|CD44|ITGA6
73,22,28,21,ITGA6|LRP5|TNFRSF1A|CD44|SORT1|IGF2R|ITGB5
74,30,28,33,ERBB2|NRP2|TNFRSF1A|IGF2R|ITGB4|SORT1|ERBB3
75,35,25,29,CD44|PLXNA1|SORT1|ITGB5|ITGA6|LRP1|ERBB2
76,35,26,24,ITGB5|ACVR1B|ITGA6|TNFRSF1A|ERBB3|ITGB4|LRP1
77,35,23,19,ITGA6|TGFBR2|ITGB4|IGF2R|CD44|ERBB3|TNFRSF1A
78,30,24,28,LRP1|FLT1|CD44|ITGB5|ERBB2|TNFRSF1A|ERBB3
79,24,20,29,TNFRSF1A|FLT1|ITGA6|SORT1|ITGB1|IGF2R|ERBB2
80,26,37,45,ITGB1|TNFRSF12A|SORT1|ERBB2|ITGB5|TNFRSF1A|IGF2R
81,22,32,24,ERBB3|BMPR2|IGF2R|ERBB2|ITGB1|ITGB5|LRP1
82,28,29,28,ERBB3|TGFBR2|IGF2R|CD44|LRP1|ITGA6|ITGB1
83,23,24,16,ERBB3|NTRK2|SORT1|ITGB1|ERBB2|LRP1|ITGB5
84,24,27,27,TNFRSF1A|IGF1R|SORT1|ERBB2|ITGB5|ITGB4|LRP1
85,18,29,35,ERBB2|FGFR1|CD44|IGF2R|LRP1|ITGB1|SORT1
86,44,37,31,ERBB3|TNFRSF12A|ITGB5|ITGB4|ITGA6|ITGB1|TNFRSF1A
87,31,34,34,ITGB1|NRP2|TNFRSF1A|ERBB2|ITGB4|IGF2R|ITGA6
88,29,22,33,ITGA6|FGFR1|SORT1|ITGB5|ERBB3|LRP1|CD44
89,29,33,32,ITGB5|ACVR1B|ERBB2|CD44|TNFRSF1A|LRP1|ITGB4
90,31,34,29,TNFRSF1A|NRP1|LRP1|IGF2R|ERBB3|ITGA6|CD44
91,30,23,33,TNFRSF1A|ACVR1B|ERBB3|ITGB5|ITGA6|ITGB1|IGF2R
92,37,37,38,ITGB4|TNFRSF12A|TNFRSF1A|CD44|ITGA6|LRP1|IGF2R
93,36,39,37,ITGB4|NTRK2|ITGA6|ERBB3|CD44|ITGB1|SORT1
94,39,39,41,LRP1|TNFRSF12A|CD44|ITGA6|ITGB1|ITGB5|ITGB4
95,40,37,31,ERBB3|PLXNA1|ITGA6|ITGB1|TNFRSF1A|IGF2R|ERBB2
96,42,33,42,ERBB3|NRP2|CD44|ERBB2|ITGB4|ITGA6|ITGB1
97,31,20,23,ITGA6|ACVR1B|IGF2R|ITGB4|ITGB5|ITGB1|ERBB2
98,33,27,32,CD44|ACVR1B|ITGB5|ERBB3|ITGA6|TNFRSF1A|SORT1
99,32,19,23,ITGA6|BMPR2|LRP1|TNFRSF1A|ITGB4|ITGB1|ERBB3
100,30,35,32,ERBB2|NRP2|IGF2R|ITGB5|ITGA6|ERBB3|SORT1
101,33,26,31,ITGB4|IGF1R|LRP1|TNFRSF1A|ERBB3|CD44|ITGB1
102,31,28,30,IGF2R|PLXNA1|CD44|SORT1|ITGB4|TNFRSF1A|LRP1
103,35,34,40,IGF2R|PDGFRB|CD44|ERBB2|SORT1|ITGA6|ERBB3
104,28,21,27,LRP1|TGFBR2|ERBB3|ITGB5|CD44|ITGA6|SORT1
105,25,22,29,SORT1|NRP1|LRP1|TNFRSF1A|ITGB4|ITGB1|CD44
106,17,22,30,SORT1|TGFBR1|CD44|LRP1|ITGB5|ITGB1|IGF2R
107,32,36,34,ITGB1|PDGFRB|ITGA6|TNFRSF1A|IGF2R|ERBB3|ITGB5
108,15,34,27,IGF2R|NTRK2|SORT1|LRP1|ITGB5|ERBB2|TNFRSF1A
109,28,25,24,ITGA6|BMPR2|CD44|LRP1|TNFRSF1A|SORT1|ERBB3
110,29,29,27,CD44|TGFBR2|SORT1|LRP1|ITGA6|ITGB4|ERBB2
111,28,26,21,ERBB3|NRP2|ITGB5|SORT1|LRP1|ITGA6|TNFRSF1A
112,39,25,26,ERBB3|TGFBR2|CD44|ERBB2|ITGA6|ITGB5|ITGB4
113,27,26,28,ITGA6|FGFR1|ERBB3|LRP1|CD44|SORT1|IGF2R
114,24,39,37,LRP1|LRP5|ERBB2|ITGB1|CD44|IGF2R|ITGB4
115,26,39,42,ITGB1|PDGFRB|ITGA6|IGF2R|ERBB2|ITGB5|LRP1
116,21,34,29,TNFRSF1A|PDGFRB|SORT1|LRP1|ITGB5|ERBB2|ITGB1
117,26,25,29,ITGA6|BMPR2|IGF2R|TNFRSF1A|ITGB1|ERBB2|CD44
118,37,30,35,ERBB2|LRP5|ITGB4|ITGA6|LRP1|CD44|ERBB3
119,27,27,27,IGF2R|LRP5|ITGB4|ITGA6|TNFRSF1A|CD44|SORT1
120,34,38,47,ITGA6|PLXNA1|SORT1|ITGB5|ERBB2|ITGB1|TNFRSF1A
121,26,30,32,ITGB4|FLT1|ITGB1|LRP1|ERBB3|SORT1|IGF2R
122,29,29,31,ITGB4|NRP2|ERBB2|ITGA6|LRP1|SORT1|ITGB1
123,19,32,32,ERBB2|LRP5|ITGB4|IGF2R|LRP1|TNFRSF1A|SORT1
124,30,33,39,ERBB2|PDGFRB|SORT1|IGF2R|ERBB3|CD44|ITGB1
125,30,36,36,SORT1|FLT1|ERBB3|ITGB1|ITGB5|CD44|ERBB2
126,30,32,42,ERBB2|NRP1|LRP1|ITGB4|ERBB3|ITGB1|SORT1
127,31,42,42,IGF2R|NTRK2|CD44|ERBB2|LRP1|ERBB3|ITGA6
128,32,34,29,ERBB2|ACVR1B|LRP1|ITGA6|ERBB3|ITGB5|ITGB1
129,26,37,29,LRP1|BMPR2|SORT1|ERBB3|ITGA6|CD44|IGF2R
130,32,39,35,TNFRSF1A|PLXNA1|SORT1|LRP1|ITGB4|ERBB2|ITGB5
131,31,28,20,ITGB4|FGFR1|ERBB2|CD44|SORT1|ERBB3|LRP1
132,26,21,22,LRP1|TGFBR2|CD44|ERBB2|ITGB4|TNFRSF1A|ITGB5
133,29,33,26,ERBB2|NRP2|TNFRSF1A|ITGB1|ITGB4|CD44|IGF2R
134,26,35,35,ERBB3|FLT1|ITGB1|ITGB4|SORT1|IGF2R|LRP1
135,35,29,38,SORT1|PLXNA1|IGF2R|ITGA6|ERBB2|ITGB4|LRP1
136,35,34,36,LRP1|PDGFRB|ERBB3|TNFRSF1A|ITGA6|ITGB4|IGF2R
137,24,30,28,ITGA6|TGFBR2|ERBB2|ITGB5|LRP1|CD44|SORT1
138,38,25,28,ERBB2|TGFBR1|TNFRSF1A|ITGB5|ITGA6|ERBB3|ITGB4
139,33,30,35,CD44|ACVR1B|SORT1|TNFRSF1A|ERBB3|ITGB5|ITGB4
140,32,24,27,ITGB4|NRP1|ITGA6|ITGB1|CD44|SORT1|ITGB5
141,31,32,37,ITGA6|IGF1R|ERBB3|CD44|ITGB5|LRP1|IGF2R
142,25,23,21,SORT1|BMPR2|ERBB3|ITGA6|IGF2R|TNFRSF1A|ITGB5
143,22,24,26,CD44|TGFBR2|LRP1|ITGB4|TNFRSF1A|ITGB1|IGF2R
144,26,19,32,SORT1|NRP1|TNFRSF1A|ERBB3|IGF2R|LRP1|ITGB4
145,27,40,42,TNFRSF1A|PDGFRB|ITGA6|ITGB5|CD44|SORT1|IGF2R
146,31,26,26,TNFRSF1A|TGFBR1|ERBB3|ITGB5|IGF2R|ITGA6|ERBB2
147,26,30,37,ERBB2|PDGFRB|ITGB1|SORT1|ITGB5|ITGA6|LRP1
148,26,32,36,IGF2R|NRP2|ITGB1|CD44|LRP1|ITGB5|ERBB3
149,24,43,37,SORT1|NTRK2|ERBB2|ERBB3|CD44|IGF2R|LRP1
150,33,30,25,TNFRSF1A|TGFBR2|CD44|ITGA6|ITGB4|ERBB2|ITGB1
151,24,28,18,ITGB5|NTRK2|ITGB1|IGF2R|TNFRSF1A|ERBB2|ITGB4
152,29,34,23,IGF2R|TGFBR2|ITGA6|ITGB5|ITGB1|ERBB2|ERBB3
153,18,29,27,ITGB5|NTRK2|IGF2R|LRP1|ITGB4|TNFRSF1A|SORT1
154,26,35,38,ITGA6|PDGFRB|IGF2R|LRP1|ERBB2|ITGB1|TNFRSF1A
155,24,33,34,ITGB5|LRP5|LRP1|ITGB4|IGF2R|ERBB2|CD44
156,46,39,29,TNFRSF1A|TNFRSF12A|ERBB2|ITGB4|ERBB3|ITGB1|ITGA6
157,32,39,43,ITGA6|ACVR1B|LRP1|ERBB3|ITGB1|ERBB2|ITGB5
158,22,37,27,IGF2R|FLT1|ITGB5|SORT1|ITGA6|ERBB2|LRP1
159,30,38,33,TNFRSF1A|PDGFRB|ERBB3|CD44|IGF2R|ERBB2|LRP1
160,35,39,42,ERBB3|TNFRSF12A|SORT1|ITGB5|ITGB4|LRP1|ITGB1
161,35,28,26,ITGB5|PLXNA1|IGF2R|CD44|LRP1|ITGA6|ERBB2
162,28,24,26,LRP1|FGFR1|ITGB1|ERBB3|ITGA6|ERBB2|SORT1
163,32,32,19,ITGB5|FLT1|ERBB2|ERBB3|CD44|ITGB1|TNFRSF1A
164,31,31,32,ERBB2|LRP5|ITGB4|CD44|SORT1|ITGA6|TNFRSF1A
165,33,36,28,IGF2R|FLT1|ITGB4|LRP1|ITGB1|ERBB3|ITGA6
166,27,26,28,ITGB4|IGF1R|ITGA6|LRP1|ITGB5|IGF2R|ITGB1
167,33,27,17,ITGB4|FGFR1|TNFRSF1A|ITGA6|ITGB1|ERBB3|SORT1
168,31,39,31,SORT1|PDGFRB|ITGB5|ITGA6|TNFRSF1A|ITGB4|ITGB1
169,25,30,32,SORT1|TGFBR2|ITGB5|IGF2R|ERBB3|ERBB2|CD44
170,35,22,20,ITGA6|BMPR2|TNFRSF1A|ITGB4|LRP1|CD44|ERBB3
171,33,28,28,ERBB3|ACVR1B|IGF2R|SORT1|ITGB4|ITGA6|ITGB1
172,25,27,27,ITGB5|TGFBR1|LRP1|ITGB4|IGF2R|SORT1|ERBB3
173,30,31,29,SORT1|BMPR2|CD44|ERBB3|ITGB5|ITGB1|ITGA6
174,33,26,26,TNFRSF1A|TGFBR2|CD44|ITGB1|ERBB2|ITGB4|ITGA6
175,33,26,30,CD44|LRP5|SORT1|LRP1|ITGB4|ERBB3|ITGA6
176,22,24,28,ITGB1|FGFR1|TNFRSF1A|LRP1|CD44|ITGB5|ERBB2
177,24,30,29,ITGB5|TGFBR1|ITGA6|IGF2R|ITGB1|LRP1|CD44
178,39,39,47,ERBB2|PDGFRB|CD44|ITGA6|ERBB3|ITGB1|ITGB5
179,29,24,32,CD44|TGFBR2|IGF2R|ITGB4|SORT1|ERBB2|ITGA6
180,34,27,29,SORT1|LRP5|TNFRSF1A|ERBB3|ERBB2|ITGB4|ITGA6
181,34,30,29,ERBB2|NRP1|SORT1|ITGB4|TNFRSF1A|CD44|ITGA6
182,33,29,29,CD44|ACVR1B|ITGB5|ITGB1|ITGB4|LRP1|ERBB3
183,29,31,27,ERBB3|TGFBR1|SORT1|TNFRSF1A|ERBB2|IGF2R|ITGA6
184,35,30,30,CD44|NRP1|ERBB2|ITGB5|ITGB4|SORT1|ERBB3
185,34,13,33,LRP1|PLXNA1|ITGB5|ITGB1|ITGA6|ERBB2|TNFRSF1A
186,21,20,21,ITGB5|TGFBR2|IGF2R|ITGB4|TNFRSF1A|ERBB2|SORT1
187,30,47,34,IGF2R|TNFRSF12A|ITGB5|ERBB3|LRP1|ERBB2|SORT1
188,35,20,29,ITGB1|TGFBR2|ERBB3|SORT1|CD44|ITGA6|ITGB4
189,32,22,17,ERBB3|FLT1|ITGB4|TNFRSF1A|ERBB2|ITGB5|SORT1
190,27,27,33,ITGB5|FGFR1|IGF2R|ITGB1|ITGA6|CD44|ERBB2
191,39,33,38,ITGB1|TNFRSF12A|ITGB5|IGF2R|ITGB4|ITGA6|CD44
192,34,30,15,ERBB3|TGFBR2|ITGB4|ITGA6|ERBB2|IGF2R|TNFRSF1A
193,31,22,31,LRP1|TGFBR1|ITGB5|ITGB1|ERBB2|ERBB3|ITGB4
194,31,21,22,ITGB4|TGFBR1|ITGB1|ITGA6|SORT1|CD44|TNFRSF1A
195,28,25,22,SORT1|LRP5|ITGB5|ITGB1|ITGB4|ERBB2|ITGA6
196,31,27,26,ITGB4|FLT1|LRP1|ITGA6|ITGB1|ERBB2|TNFRSF1A
197,27,25,27,ITGB1|FLT1|CD44|SORT1|ITGB5|TNFRSF1A|ITGA6
198,32,42,38,ITGB5|PDGFRB|ITGB4|IGF2R|SORT1|ERBB2|ERBB3
199,42,34,34,TNFRSF1A|IGF1R|CD44|ERBB2|ITGB4|ITGA6|ERBB3
200,31,28,27,ERBB3|NTRK2|ITGA6|LRP1|CD44|TNFRSF1A|ITGB5
201,26,24,28,ERBB3|IGF1R|LRP1|CD44|SORT1|ITGB1|TNFRSF1A
202,29,23,21,ITGB5|TGFBR2|ITGB1|LRP1|CD44|ITGB4|ITGA6
203,17,33,26,TNFRSF1A|LRP5|IGF2R|LRP1|ITGB5|ITGA6|SORT1
204,35,33,25,ERBB3|FGFR1|ITGB4|ITGB5|ERBB2|SORT1|ITGA6
205,47,34,35,ITGB4|TNFRSF12A|ITGA6|ITGB5|CD44|ITGB1|ERBB3
206,42,29,24,ERBB3|TNFRSF12A|ITGB4|ITGB1|SORT1|ITGB5|ITGA6
207,18,16,25,ITGB1|FGFR1|TNFRSF1A|IGF2R|SORT1|LRP1|ITGA6
208,24,23,26,ITGA6|NRP2|ITGB1|LRP1|TNFRSF1A|SORT1|ERBB2
209,21,28,27,SORT1|TGFBR1|ERBB2|TNFRSF1A|LRP1|ITGB1|CD44
210,33,22,15,ITGB5|FGFR1|ERBB3|TNFRSF1A|SORT1|ITGB4|ITGA6
211,27,25,37,LRP1|FLT1|ERBB2|ERBB3|ITGB1|TNFRSF1A|ITGB5
212,28,25,23,ITGB4|IGF1R|TNFRSF1A|ERBB3|LRP1|IGF2R|ITGB5
213,33,35,42,CD44|PLXNA1|LRP1|ITGB5|ITGB4|ITGB1|SORT1
214,32,26,31,SORT1|ACVR1B|ERBB3|ITGA6|ERBB2|ITGB1|ITGB5
215,35,27,27,ITGA6|IGF1R|SORT1|ERBB2|ERBB3|ITGB5|CD44
216,33,31,27,ITGB5|TGFBR1|CD44|ITGA6|SORT1|ITGB4|ERBB2
217,19,25,25,ITGB5|BMPR2|CD44|IGF2R|TNFRSF1A|ERBB2|SORT1
218,31,28,31,ERBB2|LRP5|ITGB4|ITGA6|ITGB5|SORT1|CD44
219,27,24,37,IGF2R|FLT1|ITGB1|CD44|ITGA6|TNFRSF1A|ITGB5
220,31,25,28,ITGB4|ACVR1B|SORT1|ITGA6|TNFRSF1A|ITGB5|ERBB2
221,35,35,39,ITGB1|TNFRSF12A|SORT1|ERBB3|ITGB5|ITGA6|IGF2R
222,29,31,30,ITGB4|TGFBR1|SORT1|ITGB1|CD44|LRP1|ITGA6
223,32,30,29,ERBB2|PLXNA1|TNFRSF1A|CD44|ITGB1|SORT1|ITGB5
224,29,31,33,ERBB2|FLT1|TNFRSF1A|CD44|ITGA6|ITGB1|LRP1
225,28,29,23,ITGB4|TGFBR2|ITGB1|SORT1|ERBB3|LRP1|CD44
226,16,27,27,CD44|FGFR1|TNFRSF1A|LRP1|IGF2R|ITGB1|SORT1
227,40,23,26,CD44|PLXNA1|LRP1|TNFRSF1A|ITGB4|ITGB5|ITGA6
228,27,30,24,CD44|IGF1R|ITGB4|SORT1|LRP1|ERBB2|ITGB1
229,40,32,50,ITGB1|TNFRSF12A|ERBB3|ITGA6|IGF2R|SORT1|ITGB4
230,24,29,31,SORT1|FGFR1|ITGB5|ITGB1|IGF2R|CD44|ERBB3
231,29,26,27,ITGA6|FGFR1|ERBB3|SORT1|LRP1|ITGB1|CD44
232,20,26,20,IGF2R|NRP1|ITGB5|ERBB2|LRP1|CD44|SORT1
233,29,23,23,CD44|TGFBR1|ITGB5|TNFRSF1A|ERBB2|ERBB3|SORT1
234,31,19,23,ERBB3|IGF1R|ITGB5|ITGB4|LRP1|IGF2R|CD44
235,38,35,27,TNFRSF1A|NRP1|CD44|LRP1|ITGB4|ERBB3|ITGA6
236,27,30,29,ERBB2|NTRK2|SORT1|IGF2R|ITGB5|ITGB4|ITGA6
237,27,32,23,ERBB3|BMPR2|IGF2R|SORT1|ITGB4|ITGB5|ERBB2
238,46,22,37,ITGB4|PLXNA1|ITGB5|CD44|ERBB3|ITGA6|IGF2R
239,28,35,31,ERBB3|NTRK2|ERBB2|CD44|LRP1|ITGB1|TNFRSF1A
240,30,29,19,ITGB5|NRP1|TNFRSF1A|ERBB3|LRP1|ITGA6|ITGB1
241,45,27,29,ITGB1|PLXNA1|ITGB4|CD44|TNFRSF1A|ERBB2|ERBB3
242,14,20,14,ITGB5|TGFBR1|LRP1|IGF2R|ITGB1|TNFRSF1A|SORT1
243,26,32,28,ERBB3|FGFR1|CD44|ITGB5|IGF2R|LRP1|ERBB2
244,26,29,34,IGF2R|IGF1R|ITGB1|CD44|ERBB3|SORT1|TNFRSF1A
245,25,26,26,ITGA6|TGFBR2|SORT1|ITGB4|LRP1|IGF2R|CD44
246,32,42,30,CD44|PDGFRB|ERBB2|ITGB1|SORT1|ERBB3|ITGB5
247,37,41,32,ERBB3|PDGFRB|LRP1|IGF2R|ERBB2|ITGB4|ITGA6
248,32,29,19,TNFRSF1A|BMPR2|ITGA6|ERBB3|ITGB4|LRP1|ITGB1
249,31,40,37,CD44|NTRK2|ITGA6|ERBB3|IGF2R|ITGB1|TNFRSF1A
250,23,31,29,SORT1|FLT1|ERBB2|LRP1|IGF2R|ITGB1|ERBB3
251,27,28,19,ITGB5|LRP5|IGF2R|ITGB1|TNFRSF1A|ITGB4|ERBB3
252,25,29,25,ITGA6|TGFBR1|IGF2R|LRP1|TNFRSF1A|ERBB3|SORT1
253,29,29,35,TNFRSF1A|NRP1|IGF2R|ERBB2|ITGA6|LRP1|ITGB4
254,42,25,31,ITGB1|TNFRSF12A|IGF2R|ITGB4|ERBB3|ITGB5|ITGA6
255,16,21,21,ITGB1|TGFBR1|TNFRSF1A|ERBB2|SORT1|LRP1|IGF2R
256,20,30,20,ITGB5|NTRK2|LRP1|ERBB2|TNFRSF1A|SORT1|CD44
257,35,43,41,ERBB3|PDGFRB|ITGA6|ITGB5|TNFRSF1A|IGF2R|CD44
258,33,35,31,ITGA6|NTRK2|ERBB2|ITGB1|CD44|ERBB3|IGF2R
259,30,31,35,TNFRSF1A|NTRK2|ERBB3|ITGB5|LRP1|ERBB2|ITGA6
260,25,30,18,LRP1|TGFBR2|TNFRSF1A|IGF2R|ITGB1|ITGB4|ERBB3
261,30,28,29,ITGB1|IGF1R|IGF2R|ITGB4|SORT1|ERBB3|ERBB2
262,22,23,20,ITGB5|BMPR2|SORT1|ITGA6|LRP1|CD44|TNFRSF1A
263,22,25,33,TNFRSF1A|BMPR2|SORT1|ITGB5|IGF2R|ITGB4|CD44
264,22,29,22,ITGB5|BMPR2|IGF2R|ERBB2|ITGB1|LRP1|ERBB3
265,23,28,31,ITGB4|NTRK2|LRP1|ITGB5|ITGB1|CD44|IGF2R
266,26,38,33,ERBB3|NTRK2|LRP1|TNFRSF1A|ITGA6|ITGB5|SORT1
267,30,26,37,ITGB4|ACVR1B|LRP1|CD44|ITGA6|SORT1|ITGB5
268,28,31,31,TNFRSF1A|TGFBR1|CD44|LRP1|ERBB2|ITGB1|ITGA6
269,30,27,27,TNFRSF1A|PLXNA1|ITGB4|ERBB2|SORT1|IGF2R|LRP1
270,29,23,21,ITGB1|IGF1R|ITGB4|IGF2R|ITGB5|ITGA6|TNFRSF1A
271,28,32,31,SORT1|NRP2|ERBB3|IGF2R|LRP1|ITGA6|ERBB2
272,16,20,22,ERBB2|LRP5|TNFRSF1A|ITGB5|SORT1|LRP1|ITGB1
273,25,25,27,ITGB5|NRP1|ITGB1|IGF2R|CD44|SORT1|ITGB4
274,25,27,37,CD44|NRP1|ITGB1|IGF2R|ITGB4|SORT1|TNFRSF1A
275,14,27,22,LRP1|TGFBR2|IGF2R|ITGB5|TNFRSF1A|ERBB2|SORT1
276,28,34,30,TNFRSF1A|NRP1|ERBB3|ITGB1|CD44|IGF2R|ITGB5
277,28,27,25,LRP1|PDGFRB|CD44|TNFRSF1A|ERBB3|ITGB5|IGF2R
278,34,32,24,ERBB2|NRP1|IGF2R|CD44|ITGB4|ITGA6|TNFRSF1A
279,25,29,25,IGF2R|PDGFRB|SORT1|LRP1|ERBB3|ERBB2|TNFRSF1A
280,20,25,25,IGF2R|NRP1|LRP1|TNFRSF1A|ITGB5|SORT1|ITGB4
281,26,35,38,ITGB1|TGFBR2|ERBB2|ITGA6|CD44|ITGB5|IGF2R
282,31,26,23,ITGA6|NRP2|CD44|IGF2R|ITGB5|ERBB3|SORT1
283,27,22,29,ITGB1|TGFBR2|CD44|SORT1|ITGA6|IGF2R|ITGB4
284,33,35,39,SORT1|ACVR1B|ITGB5|ERBB3|ITGA6|LRP1|ITGB4
285,31,29,30,ITGB4|NTRK2|CD44|LRP1|IGF2R|ERBB3|ERBB2
286,22,29,30,IGF2R|TGFBR2|LRP1|ITGB4|CD44|ITGB5|TNFRSF1A
287,25,25,24,SORT1|NRP2|ERBB3|ITGB1|ERBB2|ITGB5|LRP1
288,33,27,34,CD44|PLXNA1|ITGA6|TNFRSF1A|IGF2R|LRP1|ITGB1
289,27,35,22,ITGA6|TGFBR2|SORT1|IGF2R|ERBB2|TNFRSF1A|ERBB3
290,25,26,18,ERBB3|NRP1|LRP1|ERBB2|TNFRSF1A|SORT1|ITGB5
291,24,18,12,SORT1|FLT1|ITGB1|ERBB2|IGF2R|ITGB5|ITGB4
292,31,34,41,LRP1|PDGFRB|ITGB4|ITGB5|ITGA6|ERBB2|SORT1
293,29,28,21,ERBB2|ACVR1B|LRP1|ITGB4|SORT1|ITGA6|ITGB1
294,31,24,26,ERBB3|FGFR1|LRP1|ITGB4|SORT1|ITGA6|ITGB5
295,37,30,29,ITGB1|FLT1|ERBB3|ITGB5|CD44|ERBB2|ITGB4
296,39,30,29,ITGB4|PLXNA1|ERBB2|ITGA6|IGF2R|ITGB1|TNFRSF1A
297,38,32,25,ITGB5|FLT1|CD44|ERBB3|ITGB4|LRP1|ITGA6
298,22,26,19,IGF2R|FGFR1|ITGB4|ITGB5|ITGB1|ERBB2|LRP1
299,23,23,25,TNFRSF1A|BMPR2|ITGB5|ERBB2|IGF2R|ITGB1|ITGA6
300,24,31,33,IGF2R|BMPR2|ITGA6|CD44|ERBB2|TNFRSF1A|LRP1
301,21,32,19,LRP1|LRP5|ERBB2|ITGB1|SORT1|ITGB4|ITGB5
302,13,29,30,ITGB5|NTRK2|SORT1|LRP1|IGF2R|TNFRSF1A|ITGB1
303,27,23,21,TNFRSF1A|LRP5|CD44|SORT1|ITGB4|LRP1|ITGA6
304,30,26,32,ERBB3|NRP1|TNFRSF1A|LRP1|ITGA6|ITGB5|ITGB1
305,29,26,26,ITGA6|IGF1R|LRP1|SORT1|ERBB2|ITGB4|TNFRSF1A
306,36,28,30,CD44|TNFRSF12A|SORT1|ITGB5|ITGB1|ERBB2|ITGB4
307,32,24,39,ITGB1|ACVR1B|ERBB2|ERBB3|ITGB5|IGF2R|ITGA6
308,36,23,23,IGF2R|PLXNA1|ITGB1|CD44|TNFRSF1A|ITGB5|ERBB3
309,27,33,29,CD44|FLT1|ERBB2|SORT1|TNFRSF1A|LRP1|ITGA6
310,37,31,32,IGF2R|FLT1|ITGA6|ITGB1|ERBB2|ITGB4|ERBB3
311,25,35,28,ERBB2|LRP5|TNFRSF1A|LRP1|CD44|IGF2R|ERBB3
312,40,47,39,CD44|TNFRSF12A|ERBB2|IGF2R|ERBB3|ITGB4|LRP1
313,28,23,25,ERBB3|TGFBR2|TNFRSF1A|IGF2R|CD44|ITGB4|SORT1
314,22,31,34,ERBB2|FLT1|CD44|TNFRSF1A|ITGB5|LRP1|IGF2R
315,21,15,21,SORT1|TGFBR2|IGF2R|ITGA6|ITGB5|TNFRSF1A|ERBB2
316,35,32,40,TNFRSF1A|NTRK2|CD44|ITGB5|ERBB2|ITGB4|ERBB3
317,30,27,31,ERBB3|FLT1|LRP1|IGF2R|ERBB2|ITGB4|TNFRSF1A
318,28,26,26,IGF2R|ACVR1B|SORT1|ITGA6|TNFRSF1A|ITGB1|ERBB3
319,38,23,42,CD44|PLXNA1|ITGB5|SORT1|ERBB3|ERBB2|ITGB1
320,33,25,23,CD44|FLT1|LRP1|ITGA6|ERBB3|ITGB1|TNFRSF1A
321,29,28,32,ITGB5|TGFBR1|IGF2R|TNFRSF1A|CD44|ERBB3|ERBB2
322,24,27,29,IGF2R|LRP5|ITGA6|TNFRSF1A|ITGB1|ITGB5|CD44
323,40,29,32,ITGB1|NRP1|CD44|ITGA6|ERBB3|ITGB4|TNFRSF1A
324,29,23,28,ITGA6|NTRK2|ERBB3|CD44|TNFRSF1A|SORT1|LRP1
325,35,31,44,ERBB2|NTRK2|ERBB3|ITGA6|CD44|ITGB1|TNFRSF1A
326,30,32,29,CD44|TGFBR2|ERBB3|ITGA6|ITGB1|LRP1|ITGB5
327,29,21,27,CD44|TGFBR2|TNFRSF1A|ITGA6|SORT1|ITGB4|ITGB1
328,33,18,15,ERBB3|ACVR1B|ITGB4|ITGA6|TNFRSF1A|SORT1|IGF2R
329,32,30,27,ERBB3|IGF1R|IGF2R|ITGB5|ITGB1|ITGA6|ERBB2
330,28,23,31,LRP1|TGFBR2|CD44|ERBB3|SORT1|ITGB5|ITGB4
331,24,30,22,ITGA6|IGF1R|ERBB2|TNFRSF1A|LRP1|IGF2R|ITGB1
332,29,20,30,ERBB3|TGFBR2|LRP1|ITGB1|ITGA6|ERBB2|TNFRSF1A
333,25,15,23,ITGB4|BMPR2|ITGB5|TNFRSF1A|SORT1|ERBB3|IGF2R
334,29,17,28,TNFRSF1A|FGFR1|ITGA6|ITGB5|IGF2R|ITGB4|ERBB2
335,40,35,39,SORT1|PDGFRB|ITGA6|TNFRSF1A|ITGB4|CD44|ERBB3
336,27,32,31,LRP1|NTRK2|ERBB2|ITGB4|CD44|TNFRSF1A|ITGB5
337,14,20,25,TNFRSF1A|TGFBR1|IGF2R|SORT1|LRP1|ITGB5|ITGB1
338,26,28,27,ITGA6|BMPR2|ITGB1|ITGB4|IGF2R|ERBB2|SORT1
339,24,22,18,TNFRSF1A|LRP5|LRP1|SORT1|ITGA6|ITGB4|ITGB5
340,28,38,32,IGF2R|FLT1|LRP1|ERBB3|SORT1|ITGB4|ERBB2
341,31,35,37,ERBB3|FLT1|LRP1|SORT1|ITGB5|ITGA6|CD44
342,27,36,26,CD44|TGFBR1|ERBB2|ITGB5|IGF2R|ERBB3|LRP1
343,29,31,33,ITGA6|ACVR1B|TNFRSF1A|ITGB5|CD44|SORT1|ERBB2
344,32,32,47,ERBB3|TGFBR2|ITGB1|IGF2R|ERBB2|CD44|ITGA6
345,20,20,19,ITGB4|FLT1|IGF2R|TNFRSF1A|LRP1|ITGB5|SORT1
346,25,30,23,ITGB1|NRP1|ITGB4|ITGA6|SORT1|LRP1|IGF2R
347,24,33,34,LRP1|NTRK2|ERBB2|SORT1|ERBB3|IGF2R|CD44
348,35,38,34,CD44|PDGFRB|SORT1|LRP1|ERBB2|ITGA6|ERBB3
349,35,40,37,ERBB2|TNFRSF12A|CD44|ERBB3|SORT1|ITGB5|IGF2R
350,17,33,33,LRP1|TGFBR2|ERBB2|TNFRSF1A|CD44|SORT1|IGF2R
351,36,28,27,LRP1|IGF1R|IGF2R|CD44|ITGB4|ERBB3|ITGA6
352,19,23,22,LRP1|LRP5|ITGB1|TNFRSF1A|ITGB5|ITGA6|IGF2R
353,30,32,43,ERBB3|PDGFRB|ITGB5|CD44|IGF2R|LRP1|ERBB2
354,26,26,24,ITGA6|FGFR1|TNFRSF1A|IGF2R|ITGB5|SORT1|ERBB3
355,38,29,33,SORT1|NRP1|ITGA6|ITGB4|CD44|ITGB1|ERBB3
356,35,28,31,LRP1|IGF1R|ITGA6|ERBB3|ERBB2|CD44|ITGB5
357,23,31,38,CD44|ACVR1B|LRP1|IGF2R|ITGB4|SORT1|ITGB5
358,33,27,23,CD44|FLT1|IGF2R|TNFRSF1A|ERBB3|ITGA6|ITGB5
359,32,30,32,ERBB2|PLXNA1|CD44|SORT1|TNFRSF1A|ITGB5|ITGB1
360,33,33,31,IGF2R|PLXNA1|ITGB5|LRP1|ITGB1|ERBB2|ERBB3
361,32,31,29,ERBB2|PLXNA1|ITGB1|IGF2R|LRP1|ITGB5|ITGB4
362,30,42,34,ITGB5|FLT1|LRP1|ERBB2|SORT1|ITGA6|ERBB3
363,24,29,24,ITGB4|LRP5|IGF2R|SORT1|ERBB2|CD44|ITGB5
364,26,42,28,ITGA6|TGFBR1|ERBB2|ITGB1|LRP1|CD44|IGF2R
365,30,15,22,ITGA6|NRP2|TNFRSF1A|ITGB5|ERBB3|ITGB1|LRP1
366,24,35,37,ITGB5|IGF1R|ERBB2|IGF2R|ITGA6|ITGB1|SORT1
367,26,26,34,LRP1|PDGFRB|TNFRSF1A|ERBB2|ITGB5|ITGB4|SORT1
368,27,30,32,LRP1|NRP2|SORT1|ITGB1|ITGA6|CD44|ERBB2
369,20,20,25,LRP1|TGFBR1|SORT1|ITGB5|TNFRSF1A|ERBB3|IGF2R
370,32,27,31,TNFRSF1A|ACVR1B|IGF2R|ITGB1|ITGA6|ERBB2|ERBB3
371,22,32,27,LRP1|NTRK2|ITGB4|ERBB2|TNFRSF1A|IGF2R|ITGB1
372,27,18,22,ITGB1|NTRK2|SORT1|ITGB4|ERBB2|ITGB5|CD44
373,31,36,30,TNFRSF1A|FLT1|ERBB2|IGF2R|ITGB4|ITGA6|ITGB5
374,37,29,35,ERBB3|FLT1|ITGB1|ITGB4|SORT1|ERBB2|ITGA6
375,22,33,31,ERBB2|ACVR1B|ITGB5|SORT1|LRP1|CD44|ITGB1
376,23,28,17,ITGA6|LRP5|ITGB5|IGF2R|SORT1|ERBB3|LRP1
377,22,22,20,CD44|BMPR2|ITGA6|TNFRSF1A|LRP1|ITGB1|IGF2R
378,31,32,28,TNFRSF1A|NTRK2|ERBB3|IGF2R|ITGB5|ITGB4|CD44
379,30,35,20,IGF2R|NRP1|ITGB5|ERBB2|ERBB3|ITGB1|CD44
380,34,26,19,ITGB4|NRP2|CD44|ERBB2|ITGA6|ITGB1|LRP1
381,24,33,31,ITGB1|FGFR1|ERBB2|ITGB5|TNFRSF1A|LRP1|ITGB4
382,24,25,21,ITGB1|FLT1|IGF2R|ERBB2|SORT1|ITGA6|TNFRSF1A
383,38,25,17,ITGA6|PLXNA1|LRP1|ITGB4|IGF2R|CD44|TNFRSF1A
384,27,32,32,CD44|TGFBR1|TNFRSF1A|LRP1|IGF2R|ERBB3|ERBB2
385,34,32,29,ERBB3|PLXNA1|IGF2R|TNFRSF1A|SORT1|CD44|ITGB1
386,24,35,23,ITGB1|NRP1|ERBB2|ITGB5|IGF2R|ITGB4|SORT1
387,43,19,21,ERBB3|PLXNA1|CD44|TNFRSF1A|ITGB4|ITGB5|ITGB1
388,36,35,41,CD44|TNFRSF12A|IGF2R|ERBB2|TNFRSF1A|ITGB4|ITGB5
389,36,29,23,ITGB4|IGF1R|TNFRSF1A|CD44|ITGB1|ITGA6|ERBB2
390,25,37,34,ERBB2|NTRK2|SORT1|CD44|IGF2R|ITGB4|TNFRSF1A
391,23,18,17,ITGB5|TGFBR2|ERBB3|CD44|SORT1|IGF2R|TNFRSF1A
392,26,24,24,TNFRSF1A|NRP1|CD44|ITGB1|IGF2R|ERBB3|SORT1
393,23,27,19,ITGB5|TGFBR1|ERBB2|ITGB4|TNFRSF1A|SORT1|IGF2R
394,42,27,28,ITGB4|FLT1|ERBB3|ERBB2|ITGB1|ITGA6|CD44
395,39,29,45,ITGA6|FLT1|ITGB1|TNFRSF1A|ERBB2|ERBB3|ITGB4
396,28,26,25,LRP1|ACVR1B|ITGB1|TNFRSF1A|ERBB3|ITGA6|SORT1
397,20,29,34,IGF2R|BMPR2|CD44|SORT1|LRP1|ITGB1|ITGA6
398,27,28,29,ITGA6|NRP2|IGF2R|SORT1|LRP1|ITGB4|ERBB2
399,28,28,26,LRP1|TGFBR2|SORT1|ITGB4|IGF2R|ERBB3|ITGA6
400,30,40,32,TNFRSF1A|PDGFRB|ITGB1|IGF2R|ITGA6|SORT1|ERBB3
401,33,23,18,TNFRSF1A|FLT1|SORT1|ITGB4|CD44|ITGB1|ERBB3
402,26,35,37,ERBB2|PDGFRB|ITGB1|SORT1|ITGB4|ITGB5|IGF2R
403,35,33,34,ERBB2|NTRK2|ITGA6|ITGB4|TNFRSF1A|LRP1|ERBB3
404,42,40,43,ITGA6|TNFRSF12A|ERBB2|LRP1|ERBB3|CD44|ITGB1
405,35,35,33,ITGB1|NRP1|ERBB3|CD44|ITGB4|IGF2R|ERBB2
406,39,36,35,ERBB2|PDGFRB|ITGB5|ITGA6|IGF2R|ITGB4|ERBB3
407,45,34,41,ERBB3|TNFRSF12A|CD44|ITGA6|ITGB1|ITGB4|IGF2R
408,24,31,24,ITGB5|IGF1R|ITGB4|IGF2R|ERBB2|LRP1|ITGB1
409,22,26,29,LRP1|ACVR1B|SORT1|ITGB5|CD44|ERBB2|ITGB1
410,26,38,35,ITGB4|BMPR2|IGF2R|TNFRSF1A|CD44|ITGB1|ERBB2
411,24,26,40,ITGB1|FLT1|LRP1|TNFRSF1A|ITGB4|IGF2R|ERBB2
412,27,22,34,ITGB1|TGFBR2|IGF2R|ERBB3|SORT1|ERBB2|ITGB4
413,31,25,21,ITGA6|FGFR1|ITGB5|CD44|ERBB3|TNFRSF1A|LRP1
414,34,32,30,SORT1|TNFRSF12A|TNFRSF1A|ITGA6|ERBB2|IGF2R|CD44
415,22,32,25,ITGB1|TGFBR1|IGF2R|ITGB5|TNFRSF1A|ERBB3|LRP1
416,27,21,27,TNFRSF1A|LRP5|SORT1|ERBB3|ITGB5|CD44|ERBB2
417,32,30,28,ERBB3|LRP5|ITGB4|ITGA6|LRP1|TNFRSF1A|ITGB5
418,27,37,36,ERBB3|NTRK2|IGF2R|LRP1|CD44|ITGA6|SORT1
419,21,23,28,LRP1|NRP2|SORT1|TNFRSF1A|IGF2R|ITGB5|ERBB3
420,27,35,37,CD44|ACVR1B|ITGA6|IGF2R|TNFRSF1A|LRP1|ERBB2
421,31,19,21,ERBB3|BMPR2|ITGB5|ITGB4|ITGB1|TNFRSF1A|ERBB2
422,35,21,19,ERBB3|ACVR1B|ITGB4|ITGB5|TNFRSF1A|CD44|ITGB1
423,25,26,26,SORT1|FLT1|ITGB1|ITGB5|ITGA6|CD44|LRP1
424,18,31,31,SORT1|TGFBR1|ERBB2|ITGB1|LRP1|TNFRSF1A|ITGB5
425,36,40,32,CD44|PDGFRB|LRP1|ITGA6|TNFRSF1A|ITGB4|ERBB2
426,25,43,38,IGF2R|TNFRSF12A|CD44|ITGB1|SORT1|TNFRSF1A|LRP1
427,31,26,19,LRP1|BMPR2|TNFRSF1A|ERBB2|ITGB4|ITGA6|CD44
428,20,25,25,TNFRSF1A|FGFR1|ITGB1|ITGB5|IGF2R|LRP1|ITGB4
429,28,26,24,IGF2R|BMPR2|ITGA6|SORT1|ITGB4|LRP1|ERBB3
430,35,35,43,IGF2R|FLT1|ERBB2|LRP1|ERBB3|ITGB4|ITGA6
431,32,18,22,ITGA6|NRP2|CD44|ITGB4|TNFRSF1A|ITGB1|SORT1
432,29,39,34,CD44|NRP1|IGF2R|ITGB5|ERBB2|ITGB1|ITGB4
433,33,19,21,ERBB3|FLT1|CD44|TNFRSF1A|ITGB4|ITGB5|IGF2R
434,24,29,19,ITGB1|FGFR1|ERBB2|ITGB5|TNFRSF1A|ITGA6|IGF2R
435,27,22,27,ITGB5|ACVR1B|CD44|ITGB1|ITGB4|SORT1|TNFRSF1A
436,29,33,23,TNFRSF1A|IGF1R|LRP1|ITGA6|CD44|ERBB2|ITGB5
437,49,43,46,ITGB1|TNFRSF12A|ITGA6|ERBB3|ITGB4|CD44|ERBB2
438,38,38,33,ITGB4|TNFRSF12A|ERBB2|TNFRSF1A|ITGB1|LRP1|ITGA6
439,37,35,36,ERBB2|TNFRSF12A|LRP1|ERBB3|ITGA6|SORT1|ITGB5
440,31,42,37,ERBB2|TNFRSF12A|ITGA6|TNFRSF1A|IGF2R|ITGB1|SORT1
441,35,31,39,ITGB5|ACVR1B|ITGA6|CD44|ITGB1|ERBB3|TNFRSF1A
442,20,28,30,IGF2R|ACVR1B|TNFRSF1A|ITGA6|ITGB5|LRP1|SORT1
443,41,34,35,ITGA6|PLXNA1|ERBB3|LRP1|ITGB5|CD44|ITGB1
444,34,36,33,SORT1|TNFRSF12A|ITGB5|ITGB4|IGF2R|ITGB1|ITGA6
445,27,32,33,LRP1|NRP1|TNFRSF1A|CD44|IGF2R|ITGB4|ERBB2
446,31,29,27,ITGB1|NTRK2|ITGB4|SORT1|ERBB3|ITGA6|IGF2R
447,21,35,40,LRP1|NTRK2|CD44|ITGA6|IGF2R|SORT1|TNFRSF1A
448,31,34,35,ITGB4|ACVR1B|ITGB5|ERBB2|ITGA6|LRP1|ITGB1
449,30,32,28,ERBB3|NRP2|LRP1|ERBB2|ITGB4|IGF2R|ITGB5
450,24,37,34,IGF2R|ACVR1B|SORT1|ITGA6|ITGB5|ITGB1|ERBB2
451,19,16,26,ITGB4|TGFBR1|TNFRSF1A|ITGB5|IGF2R|SORT1|LRP1
452,20,23,27,LRP1|TGFBR2|ITGB4|SORT1|CD44|IGF2R|ITGB1
453,31,29,32,TNFRSF1A|ACVR1B|ITGA6|ITGB4|ERBB2|ITGB5|IGF2R
454,26,30,31,SORT1|FGFR1|ERBB3|ITGA6|TNFRSF1A|IGF2R|ITGB5
455,23,32,26,ERBB3|NTRK2|TNFRSF1A|IGF2R|LRP1|ITGB5|ERBB2
456,23,24,24,TNFRSF1A|FLT1|SORT1|LRP1|IGF2R|CD44|ITGB4
457,23,33,41,ERBB2|NTRK2|ITGB5|IGF2R|SORT1|ITGB1|ERBB3
458,29,27,25,ITGB1|IGF1R|ERBB2|ITGB4|CD44|TNFRSF1A|LRP1
459,33,37,25,ITGB4|PDGFRB|IGF2R|ITGB5|TNFRSF1A|ITGA6|ERBB2
460,23,31,28,ITGB5|LRP5|IGF2R|ERBB3|CD44|SORT1|TNFRSF1A
461,24,29,30,ERBB3|FGFR1|IGF2R|LRP1|ITGA6|SORT1|ITGB5
462,31,40,30,ITGB4|PDGFRB|IGF2R|ITGA6|SORT1|TNFRSF1A|ERBB2
463,40,45,53,IGF2R|TNFRSF12A|CD44|ITGA6|ITGB1|ITGB5|ERBB3
464,27,31,18,SORT1|NTRK2|ITGB4|ERBB2|LRP1|TNFRSF1A|ITGA6
465,23,26,22,IGF2R|FGFR1|ITGB4|TNFRSF1A|CD44|ITGB5|SORT1
466,17,19,24,ITGB5|BMPR2|ITGB1|ITGB4|IGF2R|LRP1|SORT1
467,22,29,22,ITGB4|NRP1|SORT1|LRP1|TNFRSF1A|ERBB2|IGF2R
468,40,27,41,ITGA6|PLXNA1|ITGB5|ERBB2|ERBB3|TNFRSF1A|IGF2R
469,39,35,29,CD44|TNFRSF12A|ITGA6|ITGB1|TNFRSF1A|SORT1|ITGB4
470,41,32,28,ITGB4|PDGFRB|ERBB2|ITGB5|ITGA6|TNFRSF1A|ERBB3
471,30,24,30,TNFRSF1A|NRP1|ITGB4|LRP1|ERBB3|ITGB5|ITGB1
472,32,28,27,ITGB5|BMPR2|ITGA6|ITGB4|IGF2R|ITGB1|ERBB3
473,31,38,31,CD44|PDGFRB|ITGB5|IGF2R|ERBB2|ITGB1|ITGB4
474,34,34,44,ITGA6|FLT1|ITGB1|ITGB4|CD44|ERBB2|LRP1
475,31,41,33,IGF2R|TNFRSF12A|ITGA6|ITGB5|TNFRSF1A|ERBB2|LRP1
476,33,32,18,ERBB3|TGFBR1|ITGB1|ERBB2|TNFRSF1A|ITGB5|ITGB4
477,30,24,24,ITGB1|TGFBR2|SORT1|ERBB3|CD44|TNFRSF1A|ITGB4
478,30,28,19,SORT1|IGF1R|ERBB2|ERBB3|ITGB4|TNFRSF1A|IGF2R
479,25,25,25,IGF2R|NTRK2|ITGB4|ITGB1|ITGB5|CD44|TNFRSF1A
480,28,37,31,SORT1|LRP5|ITGB4|IGF2R|LRP1|ERBB3|ITGA6
481,26,20,21,ITGB1|FGFR1|ITGB5|IGF2R|CD44|ERBB3|TNFRSF1A
482,20,35,40,ITGB1|NRP2|SORT1|IGF2R|CD44|ERBB2|LRP1
483,19,29,26,ITGB4|BMPR2|IGF2R|ITGB5|LRP1|SORT1|ERBB2
484,33,25,27,ERBB3|LRP5|LRP1|ITGA6|CD44|ITGB4|SORT1
485,31,31,27,SORT1|TNFRSF12A|LRP1|ERBB2|ITGA6|TNFRSF1A|ITGB1
486,32,27,30,ITGB5|FLT1|ITGA6|TNFRSF1A|SORT1|ERBB2|ERBB3
487,26,24,34,SORT1|TGFBR1|ITGA6|TNFRSF1A|ERBB2|LRP1|CD44
488,37,30,31,TNFRSF1A|PLXNA1|ITGA6|ITGB4|IGF2R|SORT1|ERBB2
489,30,25,25,ITGA6|TGFBR2|SORT1|ERBB3|ITGB1|TNFRSF1A|CD44
490,33,26,24,ITGB4|BMPR2|ERBB2|TNFRSF1A|ITGB1|ITGA6|CD44
491,27,38,25,ITGB4|FLT1|CD44|LRP1|IGF2R|ERBB2|ITGB1
492,34,24,36,ITGB4|FLT1|ITGA6|ITGB5|LRP1|ERBB2|CD44
493,24,30,27,IGF2R|TGFBR1|ITGA6|LRP1|SORT1|ITGB1|ITGB4
494,33,33,25,LRP1|BMPR2|ITGB4|CD44|ITGA6|IGF2R|ERBB3
495,34,29,32,ITGA6|NRP2|ERBB2|ITGB4|CD44|LRP1|TNFRSF1A
496,43,24,23,ITGB4|PLXNA1|SORT1|ITGB5|ITGA6|ITGB1|ERBB3
497,27,25,13,ITGB4|NRP2|TNFRSF1A|ITGB1|ITGA6|IGF2R|LRP1
498,23,30,37,LRP1|BMPR2|SORT1|ERBB3|CD44|ITGB1|TNFRSF1A
499,26,28,34,CD44|BMPR2|ITGB1|ERBB2|ITGB4|IGF2R|ITGB5
500,33,29,25,IGF2R|NRP2|ITGB4|SORT1|ITGA6|ERBB3|ITGB5
501,33,35,41,ERBB3|TNFRSF12A|LRP1|SORT1|ITGB5|ITGB1|CD44
502,29,21,28,ITGB1|NRP2|ITGA6|ERBB2|ITGB4|SORT1|IGF2R
503,25,23,31,LRP1|TGFBR2|TNFRSF1A|IGF2R|CD44|ERBB2|ERBB3
504,26,25,19,ITGA6|TGFBR1|ITGB4|ITGB5|SORT1|TNFRSF1A|IGF2R
505,27,28,29,ITGB4|NRP2|CD44|IGF2R|SORT1|ERBB2|TNFRSF1A
506,28,33,33,CD44|NRP2|ITGB1|ERBB3|LRP1|ERBB2|SORT1
507,31,25,43,ERBB3|ACVR1B|LRP1|CD44|IGF2R|ITGA6|TNFRSF1A
508,30,35,28,CD44|TNFRSF12A|IGF2R|SORT1|LRP1|ITGB1|ITGB4
509,31,28,27,CD44|TGFBR1|ITGA6|LRP1|TNFRSF1A|ITGB5|ITGB4
510,30,38,41,ERBB2|PLXNA1|ITGB5|IGF2R|ITGA6|LRP1|SORT1
511,29,34,30,CD44|ACVR1B|ITGB1|SORT1|ITGA6|ERBB2|TNFRSF1A
512,32,25,24,CD44|FLT1|ITGB4|IGF2R|ITGA6|ITGB5|ITGB1
513,33,29,38,CD44|FLT1|ITGB1|ERBB3|ITGA6|ITGB5|IGF2R
514,33,37,33,IGF2R|TNFRSF12A|ERBB3|CD44|SORT1|ERBB2|LRP1
515,27,24,17,LRP1|NRP2|ITGB4|SORT1|TNFRSF1A|ITGB5|ITGA6
516,26,32,24,ITGB1|TGFBR1|SORT1|ITGB4|LRP1|ITGA6|ITGB5
517,38,27,31,ERBB2|PLXNA1|ITGA6|SORT1|TNFRSF1A|ERBB3|IGF2R
518,32,30,38,SORT1|LRP5|CD44|ITGA6|ITGB5|ERBB2|ERBB3
519,24,35,31,ITGA6|TGFBR2|ERBB2|CD44|ITGB1|LRP1|IGF2R
520,26,33,30,SORT1|ACVR1B|ERBB2|ERBB3|IGF2R|CD44|LRP1
521,28,31,34,ITGB1|NRP2|ITGA6|ITGB5|ERBB3|LRP1|SORT1
522,37,27,32,CD44|ACVR1B|ITGB5|ERBB3|ITGA6|TNFRSF1A|ERBB2
523,27,34,29,CD44|NRP2|ERBB2|LRP1|ITGB4|ITGB1|IGF2R
524,29,22,31,TNFRSF1A|TGFBR2|CD44|LRP1|ITGA6|ITGB4|ITGB1
525,29,25,17,TNFRSF1A|BMPR2|ERBB3|ITGB1|SORT1|ITGA6|ERBB2
526,28,31,27,ERBB3|NRP1|ITGB5|TNFRSF1A|LRP1|IGF2R|ITGA6
527,37,27,26,ERBB3|ACVR1B|ERBB2|LRP1|ITGA6|ITGB1|ITGB4
528,37,20,25,ITGA6|PLXNA1|ERBB2|ITGB5|IGF2R|TNFRSF1A|CD44
529,27,27,27,ITGA6|NRP2|TNFRSF1A|ITGB1|ITGB5|CD44|LRP1
530,34,33,32,IGF2R|IGF1R|ERBB2|ITGB5|CD44|ITGB4|ITGA6
531,31,35,30,IGF2R|FLT1|TNFRSF1A|ITGB1|ITGB4|ITGA6|ERBB2
532,38,25,27,ITGA6|IGF1R|ITGB4|ITGB5|SORT1|CD44|ERBB3
533,45,31,28,ITGB5|PLXNA1|SORT1|ITGB4|ERBB3|ERBB2|ITGA6
534,21,26,20,SORT1|FLT1|ITGB1|ITGB5|ERBB3|IGF2R|LRP1
535,40,30,26,ITGA6|NRP1|CD44|TNFRSF1A|ITGB1|ERBB3|ITGB4
536,38,46,46,ITGA6|TNFRSF12A|SORT1|CD44|ITGB5|ERBB3|LRP1
537,39,32,28,TNFRSF1A|TNFRSF12A|SORT1|CD44|ITGB4|ITGB5|ITGA6
538,19,27,17,TNFRSF1A|BMPR2|SORT1|LRP1|CD44|ITGB1|ERBB2
539,39,40,45,IGF2R|TNFRSF12A|ITGB4|ITGB1|ITGB5|ITGA6|CD44
540,29,38,38,CD44|IGF1R|IGF2R|ITGA6|ITGB1|ERBB2|TNFRSF1A
541,24,28,34,TNFRSF1A|IGF1R|ITGB5|ERBB2|CD44|ITGB1|LRP1
542,28,33,33,CD44|TGFBR2|ITGB1|IGF2R|LRP1|ITGB4|ERBB3
543,38,27,29,ITGB5|PLXNA1|CD44|IGF2R|ITGB4|LRP1|ITGA6
544,34,23,18,TNFRSF1A|NRP1|ERBB3|ITGB4|ITGB1|ERBB2|ITGB5
545,48,34,32,ITGB4|PLXNA1|ERBB3|ERBB2|LRP1|CD44|ITGA6
546,28,17,22,LRP1|IGF1R|ITGB4|IGF2R|TNFRSF1A|ERBB3|ITGB1
547,19,26,26,SORT1|NTRK2|LRP1|ERBB3|IGF2R|ITGB1|ITGB5
548,33,28,31,CD44|PLXNA1|IGF2R|SORT1|ERBB2|LRP1|ITGB4
549,23,28,29,SORT1|FLT1|LRP1|IGF2R|CD44|ITGB5|ITGA6
550,35,27,25,LRP1|FGFR1|ITGB4|TNFRSF1A|ERBB3|ITGA6|ERBB2
551,37,32,42,ITGB1|TNFRSF12A|ITGB4|ERBB3|SORT1|ERBB2|IGF2R
552,31,33,30,LRP1|TGFBR1|ITGA6|IGF2R|ERBB2|ITGB4|CD44
553,17,19,23,TNFRSF1A|NRP2|LRP1|ITGB5|IGF2R|SORT1|ERBB2
554,27,26,27,ITGA6|TGFBR2|IGF2R|ITGB1|ERBB3|ERBB2|LRP1
555,24,25,33,ITGB5|TGFBR1|IGF2R|ERBB3|SORT1|ITGB1|ERBB2
556,38,29,29,ERBB3|NTRK2|TNFRSF1A|ITGB5|CD44|ITGA6|ITGB4
557,26,32,31,ERBB2|NTRK2|SORT1|ERBB3|IGF2R|CD44|TNFRSF1A
558,27,31,32,ITGB5|TGFBR2|ERBB2|ERBB3|ITGB1|LRP1|CD44
559,32,34,25,ITGB5|ACVR1B|ITGB1|ITGA6|IGF2R|CD44|ITGB4
560,32,30,28,CD44|ACVR1B|SORT1|ERBB2|LRP1|ITGB4|ITGA6
561,27,29,31,ITGB1|LRP5|ERBB2|LRP1|ITGA6|ERBB3|SORT1
562,30,38,38,ERBB2|FLT1|SORT1|IGF2R|ITGB1|ERBB3|ITGA6
563,21,30,30,ERBB3|LRP5|ITGB1|LRP1|CD44|SORT1|IGF2R
564,27,32,21,TNFRSF1A|NRP1|ITGB1|ERBB2|ERBB3|IGF2R|ITGB5
565,26,24,28,ITGB1|BMPR2|SORT1|ITGA6|TNFRSF1A|ERBB2|CD44
566,30,19,23,ITGB4|TNFRSF12A|SORT1|IGF2R|ITGB1|LRP1|CD44
567,30,32,26,LRP1|NTRK2|ITGB1|ITGB4|ITGA6|CD44|TNFRSF1A
568,32,23,33,CD44|BMPR2|ITGB5|ITGB4|SORT1|ERBB3|ERBB2
569,31,26,32,ITGB1|NTRK2|TNFRSF1A|ERBB3|ITGB4|CD44|LRP1
570,19,21,25,IGF2R|BMPR2|SORT1|TNFRSF1A|ITGB5|ITGB1|ITGB4
571,27,28,23,IGF2R|NTRK2|SORT1|ERBB2|ITGA6|TNFRSF1A|ITGB4
572,30,36,29,LRP1|NRP1|ERBB2|ERBB3|CD44|ITGB1|ITGB5
573,38,42,31,SORT1|PLXNA1|LRP1|ITGB1|ITGA6|ERBB2|ERBB3
574,35,20,18,ERBB3|BMPR2|SORT1|CD44|ITGB4|ITGB5|ITGA6
575,28,26,30,ITGA6|LRP5|CD44|ERBB3|SORT1|IGF2R|TNFRSF1A
576,25,21,25,ITGB4|FGFR1|LRP1|SORT1|ERBB2|CD44|ITGB1
577,21,25,22,ERBB3|TGFBR2|IGF2R|SORT1|LRP1|ITGB5|CD44
578,35,32,32,TNFRSF1A|NTRK2|ITGB4|ERBB3|SORT1|ERBB2|ITGA6
579,32,20,22,ITGB4|FLT1|TNFRSF1A|CD44|SORT1|ITGA6|ITGB1
580,28,27,22,TNFRSF1A|ACVR1B|SORT1|ITGB5|ERBB3|ITGB1|CD44
581,32,36,33,ITGB4|PDGFRB|ITGA6|SORT1|TNFRSF1A|CD44|IGF2R
582,28,22,26,ERBB3|ACVR1B|ITGB5|ITGB4|LRP1|TNFRSF1A|IGF2R
583,35,32,25,TNFRSF1A|IGF1R|ERBB3|ERBB2|ITGB4|LRP1|CD44
584,27,29,33,ERBB2|IGF1R|ERBB3|IGF2R|ITGB1|ITGB5|TNFRSF1A
585,21,33,26,ERBB2|TGFBR1|TNFRSF1A|IGF2R|ITGB5|LRP1|CD44
586,35,44,34,CD44|PDGFRB|ITGB5|ERBB3|ITGB1|ITGA6|LRP1
587,32,29,19,IGF2R|IGF1R|ERBB3|ERBB2|ITGB4|ITGB5|TNFRSF1A
588,35,35,29,ITGB5|PDGFRB|ITGA6|LRP1|ERBB3|ITGB1|CD44
589,32,33,35,ITGA6|TNFRSF12A|ITGB4|LRP1|SORT1|ITGB5|IGF2R
590,29,34,38,ITGA6|NRP1|ERBB3|LRP1|IGF2R|CD44|SORT1
591,29,32,30,ITGA6|LRP5|CD44|IGF2R|ERBB2|LRP1|ITGB4
592,48,28,30,CD44|PLXNA1|ITGA6|LRP1|ITGB4|ERBB2|ERBB3
593,31,33,30,IGF2R|FLT1|ITGB4|TNFRSF1A|ERBB2|ITGA6|ITGB1
594,38,36,31,ERBB3|PLXNA1|SORT1|ITGB4|LRP1|TNFRSF1A|ERBB2
595,25,26,27,ITGB5|IGF1R|ERBB3|ITGB1|IGF2R|LRP1|ERBB2
596,25,23,27,SORT1|NTRK2|LRP1|TNFRSF1A|ITGB4|ITGB1|ITGA6
597,37,43,41,ERBB3|TNFRSF12A|ERBB2|LRP1|ITGB1|ITGA6|SORT1
598,34,36,43,LRP1|TNFRSF12A|ITGA6|CD44|ERBB2|TNFRSF1A|IGF2R
599,29,45,36,ITGB5|PDGFRB|CD44|ERBB2|ITGB4|SORT1|IGF2R
600,33,25,42,ERBB2|NRP2|IGF2R|CD44|LRP1|ERBB3|ITGB4
601,29,26,22,ITGB4|TGFBR2|LRP1|ERBB3|ITGB1|ERBB2|ITGB5
602,32,37,30,ITGB1|TNFRSF12A|ITGB4|LRP1|IGF2R|SORT1|ITGA6
603,35,32,19,CD44|PDGFRB|SORT1|TNFRSF1A|ERBB3|ITGB5|ITGB4
604,24,28,31,LRP1|BMPR2|TNFRSF1A|ERBB2|CD44|ITGB4|IGF2R
605,26,29,31,TNFRSF1A|LRP5|IGF2R|ITGB4|ITGA6|LRP1|ERBB2
606,22,34,29,SORT1|NTRK2|ERBB2|ITGA6|ITGB1|LRP1|TNFRSF1A
607,24,28,40,ITGB5|FLT1|ITGA6|ERBB2|ITGB1|SORT1|IGF2R
608,44,37,31,ITGB5|TNFRSF12A|ITGB4|TNFRSF1A|ERBB3|ITGB1|ITGA6
609,27,32,29,SORT1|ACVR1B|CD44|ERBB2|ITGB4|ITGB5|IGF2R
610,20,27,25,SORT1|IGF1R|TNFRSF1A|ERBB2|LRP1|CD44|IGF2R
611,28,21,30,SORT1|FLT1|ERBB3|ITGB5|LRP1|TNFRSF1A|ITGA6
612,29,39,24,ITGB4|NRP2|TNFRSF1A|ITGA6|ERBB2|LRP1|IGF2R
613,35,34,32,IGF2R|TNFRSF12A|ITGB4|ITGB1|LRP1|ERBB3|TNFRSF1A
614,42,39,29,SORT1|TNFRSF12A|ERBB3|ITGA6|ITGB1|ITGB4|ITGB5
615,27,26,26,CD44|BMPR2|ITGA6|ITGB5|SORT1|ITGB4|LRP1
616,22,28,27,SORT1|NTRK2|ITGB1|TNFRSF1A|ITGA6|IGF2R|ERBB2
617,30,28,40,TNFRSF1A|PDGFRB|SORT1|ERBB3|ERBB2|LRP1|CD44
618,23,28,29,ITGA6|ACVR1B|CD44|TNFRSF1A|SORT1|IGF2R|LRP1
619,37,30,26,ITGA6|ACVR1B|ERBB2|LRP1|TNFRSF1A|ERBB3|ITGB4
620,33,33,30,ERBB2|PLXNA1|LRP1|SORT1|ITGB5|TNFRSF1A|ERBB3
621,33,28,33,TNFRSF1A|ACVR1B|CD44|ERBB3|ITGB1|SORT1|ITGA6
622,28,20,27,CD44|TGFBR2|SORT1|ITGA6|TNFRSF1A|ERBB3|IGF2R
623,37,24,27,ERBB3|LRP5|TNFRSF1A|ITGA6|ITGB5|CD44|ITGB4
624,33,30,30,TNFRSF1A|PLXNA1|ERBB3|ERBB2|SORT1|LRP1|ITGB5
625,27,30,26,ITGA6|FLT1|CD44|ITGB5|LRP1|IGF2R|ERBB2
626,27,26,32,ERBB2|BMPR2|ITGB4|LRP1|ERBB3|SORT1|ITGB1
627,28,31,31,TNFRSF1A|FLT1|ITGB5|LRP1|ITGB4|ERBB3|IGF2R
628,32,31,33,ERBB3|PDGFRB|CD44|SORT1|ERBB2|ITGB1|TNFRSF1A
629,36,26,28,TNFRSF1A|PLXNA1|ITGA6|ERBB3|LRP1|IGF2R|ITGB5
630,33,34,30,ITGB5|ACVR1B|CD44|SORT1|ITGA6|TNFRSF1A|ERBB3
631,30,25,35,ERBB2|NRP1|ITGB1|ERBB3|TNFRSF1A|CD44|SORT1
632,25,29,25,SORT1|BMPR2|IGF2R|ITGB4|ITGB5|ITGB1|ERBB3
633,27,26,32,IGF2R|TGFBR1|ITGA6|SORT1|ERBB3|LRP1|ERBB2
634,31,26,30,LRP1|FLT1|SORT1|ERBB3|ITGB4|ITGB1|CD44
635,24,29,26,TNFRSF1A|NRP2|ITGB1|LRP1|ITGB4|SORT1|ERBB2
636,36,44,43,ERBB2|TNFRSF12A|ITGB1|ITGA6|IGF2R|LRP1|ITGB4
637,20,19,24,LRP1|FGFR1|ITGB1|TNFRSF1A|ITGB4|IGF2R|ITGB5
638,19,25,28,IGF2R|LRP5|ITGB5|CD44|SORT1|ERBB2|TNFRSF1A
639,23,28,28,TNFRSF1A|FGFR1|CD44|IGF2R|ITGB4|SORT1|ITGB5
640,31,23,37,ERBB2|PLXNA1|LRP1|SORT1|ERBB3|IGF2R|TNFRSF1A
641,33,33,42,LRP1|PDGFRB|ITGA6|TNFRSF1A|ITGB4|ITGB5|ERBB2
642,36,32,34,ITGB1|FGFR1|ERBB3|ITGB4|ITGA6|IGF2R|CD44
643,37,23,25,ITGB4|NRP2|LRP1|ITGB1|ERBB3|ITGA6|ERBB2
644,22,30,32,LRP1|NRP2|ITGB4|SORT1|ITGB5|ERBB2|IGF2R
645,34,33,26,ERBB2|NTRK2|ITGA6|ITGB1|ITGB4|TNFRSF1A|CD44
646,33,20,25,ERBB3|ACVR1B|TNFRSF1A|SORT1|ITGB4|IGF2R|ITGA6
647,25,33,23,IGF2R|LRP5|TNFRSF1A|ITGB4|ERBB3|ITGB1|LRP1
648,28,26,24,SORT1|NRP1|ITGB4|ITGB1|LRP1|ERBB3|ITGB5
649,29,43,37,ITGB4|PDGFRB|SORT1|ERBB2|ITGB1|LRP1|CD44
650,21,29,35,LRP1|TGFBR2|ITGB5|TNFRSF1A|CD44|ITGB1|ERBB2
651,30,24,28,SORT1|ACVR1B|TNFRSF1A|ERBB2|CD44|ITGB5|ERBB3
652,34,31,23,ITGB5|TGFBR2|ITGB4|ERBB3|ITGA6|LRP1|ERBB2
653,31,23,18,SORT1|TGFBR1|ITGB1|CD44|ITGB4|ITGB5|ITGA6
654,26,43,39,ERBB2|PDGFRB|IGF2R|ITGB5|LRP1|ITGB1|ITGA6
655,37,31,31,ERBB2|PDGFRB|ITGA6|ERBB3|LRP1|ITGB4|SORT1
656,35,15,13,ERBB3|NRP2|ITGB5|ITGB4|TNFRSF1A|ITGA6|LRP1
657,30,19,19,SORT1|TGFBR1|ITGB4|LRP1|IGF2R|ITGA6|ERBB3
658,38,24,27,ERBB3|PLXNA1|LRP1|CD44|ITGB5|ERBB2|TNFRSF1A
659,36,37,41,LRP1|TNFRSF12A|ITGB5|ERBB2|ITGB4|CD44|TNFRSF1A
660,22,24,19,ITGB1|LRP5|SORT1|TNFRSF1A|IGF2R|CD44|ITGB4
661,38,33,33,ITGB4|FGFR1|IGF2R|ERBB2|ITGA6|ERBB3|CD44
662,14,23,20,ITGB1|TGFBR1|SORT1|ITGB5|TNFRSF1A|IGF2R|LRP1
663,38,37,35,ERBB2|TNFRSF12A|ITGB1|SORT1|ITGB4|ITGA6|TNFRSF1A
664,31,30,40,ITGB1|IGF1R|ITGA6|ITGB4|TNFRSF1A|ERBB2|LRP1
665,24,32,40,CD44|LRP5|ITGB1|LRP1|ITGA6|ERBB2|SORT1
666,27,24,31,LRP1|LRP5|SORT1|ITGB1|ITGA6|CD44|ITGB4
667,30,24,26,ITGB5|NRP1|ERBB2|TNFRSF1A|CD44|SORT1|ERBB3
668,29,38,36,ITGB5|PDGFRB|ITGA6|SORT1|LRP1|ITGB1|ITGB4
669,20,32,26,SORT1|FGFR1|CD44|IGF2R|TNFRSF1A|ITGB1|ERBB2
670,30,32,32,ITGB4|NRP2|CD44|ITGB1|SORT1|IGF2R|ITGA6
671,22,33,33,ERBB3|NTRK2|CD44|IGF2R|SORT1|ITGB5|LRP1
672,33,24,35,ITGA6|TGFBR1|CD44|ITGB5|IGF2R|ERBB2|ITGB4
673,28,20,20,ERBB3|ACVR1B|LRP1|ITGB5|ITGB4|SORT1|TNFRSF1A
674,30,26,28,LRP1|ACVR1B|SORT1|ITGB5|ERBB3|ERBB2|ITGB4
675,19,29,34,ITGB1|NTRK2|ERBB3|IGF2R|LRP1|TNFRSF1A|SORT1
676,31,32,28,TNFRSF1A|TGFBR2|ERBB3|ERBB2|ITGB1|ITGB5|ITGA6
677,20,30,18,TNFRSF1A|BMPR2|ERBB3|SORT1|LRP1|ITGB5|ITGB1
678,26,33,34,ITGA6|TGFBR2|CD44|ERBB2|ITGB1|LRP1|TNFRSF1A
679,31,27,38,IGF2R|NRP2|ERBB3|ITGA6|ITGB1|CD44|SORT1
680,24,22,27,LRP1|NRP1|SORT1|ITGA6|ITGB5|ITGB1|ERBB2
681,26,29,31,CD44|TGFBR2|IGF2R|LRP1|SORT1|ITGB4|ERBB3
682,17,23,27,TNFRSF1A|NRP1|LRP1|ERBB2|IGF2R|ITGB5|SORT1
683,26,28,37,ITGA6|TGFBR2|CD44|SORT1|ITGB5|ERBB2|ITGB1
684,34,31,37,ITGB5|TNFRSF12A|ITGA6|TNFRSF1A|ITGB4|SORT1|IGF2R
685,30,31,39,ITGA6|FGFR1|SORT1|ERBB2|ITGB1|ITGB5|ERBB3
686,37,25,28,ITGB4|TGFBR1|ITGA6|LRP1|CD44|ITGB5|ERBB3
687,31,26,30,ERBB2|IGF1R|ITGA6|ITGB5|SORT1|ITGB4|ITGB1
688,28,20,25,SORT1|FGFR1|TNFRSF1A|CD44|ERBB3|ERBB2|ITGB5
689,28,31,35,TNFRSF1A|IGF1R|ITGB5|ITGA6|IGF2R|LRP1|ERBB3
690,24,24,29,ITGB4|NTRK2|LRP1|SORT1|IGF2R|ERBB3|ITGB5
691,37,32,38,ITGA6|PDGFRB|ERBB3|IGF2R|ITGB4|ITGB1|TNFRSF1A
692,27,22,21,TNFRSF1A|TGFBR1|ITGB1|SORT1|ERBB3|ITGA6|LRP1
693,35,42,31,ITGB1|PDGFRB|TNFRSF1A|ITGB5|ITGB4|ITGA6|ERBB2
694,27,32,25,IGF2R|TGFBR2|TNFRSF1A|ITGB1|ERBB3|ITGA6|ITGB5
695,33,29,24,SORT1|FLT1|TNFRSF1A|ITGB1|ERBB3|CD44|ITGB4
696,32,29,19,TNFRSF1A|TGFBR1|ITGB4|CD44|ERBB3|LRP1|ITGB5
697,35,38,27,SORT1|NTRK2|ITGA6|ITGB1|ITGB4|ERBB3|ERBB2
698,34,24,37,ERBB2|TGFBR1|ITGB1|ITGA6|CD44|SORT1|ERBB3
699,33,32,38,ERBB3|NTRK2|CD44|ITGB5|ITGB4|ITGB1|TNFRSF1A
700,23,27,29,IGF2R|NTRK2|ITGB5|CD44|ITGB4|SORT1|ITGB1
701,23,24,14,TNFRSF1A|TGFBR1|ITGB1|ITGB4|IGF2R|ERBB2|SORT1
702,38,38,28,TNFRSF1A|FLT1|ITGA6|ITGB4|ERBB3|IGF2R|CD44
703,33,30,30,ITGB4|NRP2|TNFRSF1A|CD44|SORT1|ITGB5|ERBB3
704,36,24,32,LRP1|PLXNA1|ERBB3|ITGA6|SORT1|ITGB5|TNFRSF1A
705,38,27,38,CD44|NRP2|IGF2R|TNFRSF1A|ERBB3|ITGA6|ITGB4
706,43,23,14,ITGB1|PLXNA1|ERBB3|ITGB4|ITGA6|SORT1|ITGB5
707,19,30,32,IGF2R|BMPR2|ERBB2|ITGA6|TNFRSF1A|SORT1|LRP1
708,35,29,31,ITGB4|PLXNA1|IGF2R|CD44|ITGB1|ERBB2|SORT1
709,24,33,35,ITGB4|FLT1|TNFRSF1A|ITGB5|IGF2R|ERBB2|LRP1
710,26,26,40,CD44|BMPR2|ITGB1|ERBB2|IGF2R|ITGB4|ITGB5
711,26,32,34,ITGB5|PDGFRB|TNFRSF1A|SORT1|CD44|ITGB1|ERBB2
712,34,26,28,ITGB1|PDGFRB|SORT1|ITGB5|CD44|ITGB4|ITGA6
713,31,24,26,ERBB2|IGF1R|ITGA6|ITGB4|TNFRSF1A|LRP1|ITGB1
714,35,29,26,ERBB3|NRP2|ITGB5|ITGA6|LRP1|CD44|ERBB2
715,40,30,37,TNFRSF1A|TNFRSF12A|CD44|ERBB3|ITGB1|ITGB4|SORT1
716,31,21,26,ITGB4|NRP1|SORT1|ITGA6|ERBB2|TNFRSF1A|ITGB1
717,29,41,31,CD44|PDGFRB|ERBB2|LRP1|ITGB1|ITGA6|IGF2R
718,31,31,29,ITGB4|FLT1|ERBB3|SORT1|CD44|ITGB1|LRP1
719,31,42,37,ERBB2|PDGFRB|ITGB5|TNFRSF1A|LRP1|ITGA6|CD44
720,39,35,30,ERBB2|PLXNA1|ITGB1|TNFRSF1A|ITGA6|ITGB5|CD44
721,24,29,31,IGF2R|IGF1R|ERBB2|TNFRSF1A|ITGB5|LRP1|ITGB4
722,31,44,40,ERBB2|TNFRSF12A|IGF2R|CD44|ITGB5|TNFRSF1A|ITGB1
723,31,30,28,ITGA6|NRP1|ITGB1|LRP1|IGF2R|CD44|ERBB3
724,22,23,20,ERBB2|TGFBR2|TNFRSF1A|ITGB1|IGF2R|ERBB3|SORT1
725,25,29,33,IGF2R|FGFR1|LRP1|ITGB4|ERBB2|ITGB1|CD44
726,33,29,29,ERBB3|NRP2|ITGB5|ITGA6|CD44|TNFRSF1A|SORT1
727,18,28,21,LRP1|NTRK2|TNFRSF1A|SORT1|IGF2R|ITGA6|ITGB5
728,42,31,31,ITGB4|NRP2|ERBB2|ERBB3|ITGB5|ITGA6|CD44
729,25,35,31,ERBB3|LRP5|TNFRSF1A|IGF2R|CD44|LRP1|ERBB2
730,43,31,33,SORT1|TNFRSF12A|ITGB4|ITGA6|CD44|LRP1|ERBB3
731,23,29,20,CD44|NTRK2|LRP1|SORT1|ITGB1|ITGA6|TNFRSF1A
732,50,38,18,CD44|PLXNA1|ITGB4|ERBB3|ERBB2|ITGB1|ITGA6
733,32,35,42,IGF2R|LRP5|ERBB3|ITGA6|ERBB2|CD44|TNFRSF1A
734,34,27,33,ITGB4|IGF1R|TNFRSF1A|ITGA6|CD44|IGF2R|ERBB2
735,21,18,29,TNFRSF1A|TGFBR1|ITGB4|IGF2R|SORT1|ITGB5|ITGB1
736,39,30,24,ERBB2|PLXNA1|TNFRSF1A|ITGB4|ITGB5|IGF2R|ITGA6
737,30,31,29,ERBB2|TGFBR1|ITGA6|ITGB4|TNFRSF1A|IGF2R|ITGB5
738,38,26,26,ERBB3|TGFBR1|ITGA6|ITGB1|ITGB5|ERBB2|ITGB4
739,24,40,46,CD44|PDGFRB|ITGB1|ERBB2|IGF2R|ITGB5|SORT1
740,35,24,27,CD44|IGF1R|ITGB5|ITGB1|ERBB3|TNFRSF1A|ITGA6
741,28,26,25,TNFRSF1A|NTRK2|CD44|ITGA6|LRP1|ITGB4|SORT1
742,32,30,30,CD44|FLT1|ITGB4|IGF2R|ITGA6|ITGB1|ITGB5
743,29,26,20,ITGA6|ACVR1B|ITGB1|TNFRSF1A|SORT1|ITGB4|ITGB5
744,20,24,13,TNFRSF1A|NRP2|LRP1|SORT1|IGF2R|ITGB5|ITGB4
745,15,31,29,CD44|LRP5|ITGB5|IGF2R|LRP1|TNFRSF1A|SORT1
746,39,29,32,ITGB4|NRP1|ERBB2|ITGB5|ITGA6|ERBB3|TNFRSF1A
747,40,37,38,ERBB3|TNFRSF12A|CD44|LRP1|ITGB4|ITGB5|ITGB1
748,34,21,21,ERBB3|BMPR2|SORT1|ERBB2|ITGB4|ITGA6|TNFRSF1A
749,29,23,37,SORT1|NRP1|TNFRSF1A|ITGA6|ITGB5|ERBB2|CD44
750,37,40,40,IGF2R|PLXNA1|ITGB5|ITGB1|CD44|ITGB4|ERBB2
751,30,29,32,ITGB1|FLT1|ITGA6|SORT1|ITGB4|IGF2R|CD44
752,32,26,29,ERBB2|IGF1R|ITGB5|TNFRSF1A|SORT1|ERBB3|ITGA6
753,43,22,25,ITGB4|PLXNA1|ERBB3|IGF2R|ITGB5|TNFRSF1A|ITGA6
754,37,39,44,ERBB3|PDGFRB|IGF2R|ITGA6|CD44|ERBB2|TNFRSF1A
755,19,40,29,ITGB5|BMPR2|LRP1|CD44|ERBB2|ITGB1|IGF2R
756,18,27,30,ITGB1|ACVR1B|IGF2R|ITGB5|LRP1|SORT1|CD44
757,25,30,35,CD44|NRP2|ITGB1|ITGB4|TNFRSF1A|IGF2R|SORT1
758,30,19,17,ITGB1|LRP5|LRP1|ITGA6|SORT1|ITGB4|ERBB3
759,33,29,32,ITGB4|IGF1R|LRP1|IGF2R|ITGA6|ERBB3|ITGB5
760,32,32,31,TNFRSF1A|TNFRSF12A|SORT1|ITGB5|ITGB4|LRP1|CD44
761,29,32,28,ERBB2|NRP1|CD44|ITGB5|TNFRSF1A|ITGA6|LRP1
762,34,30,15,ITGB5|BMPR2|ITGA6|LRP1|ERBB2|ITGB4|ERBB3
763,36,24,24,ITGB5|PLXNA1|ITGA6|TNFRSF1A|IGF2R|SORT1|ERBB3
764,34,19,32,ITGB4|TGFBR1|ERBB3|ITGB5|ITGB1|CD44|TNFRSF1A
765,27,18,28,ITGB4|FGFR1|SORT1|IGF2R|TNFRSF1A|ERBB2|ITGA6
766,30,34,13,ITGA6|IGF1R|IGF2R|ERBB3|ERBB2|ITGB1|LRP1
767,30,25,25,ITGA6|TGFBR1|SORT1|TNFRSF1A|LRP1|CD44|ERBB3
768,27,30,33,ERBB3|TGFBR1|CD44|ERBB2|LRP1|IGF2R|ITGB5
769,27,26,35,LRP1|BMPR2|ITGB5|ITGA6|ERBB3|ITGB1|TNFRSF1A
770,28,34,44,ERBB3|NRP2|ERBB2|LRP1|IGF2R|ITGB4|SORT1
771,24,24,20,ERBB2|LRP5|ITGB5|ERBB3|TNFRSF1A|ITGB1|LRP1
772,22,31,33,ITGB4|PDGFRB|ITGB5|IGF2R|TNFRSF1A|LRP1|SORT1
773,30,26,31,ERBB3|NRP1|LRP1|ERBB2|ITGA6|IGF2R|ITGB5
774,32,33,20,ITGB1|IGF1R|ITGB5|ERBB3|ITGA6|LRP1|ERBB2
775,32,35,32,ITGB1|FLT1|ERBB2|IGF2R|ERBB3|ITGB4|TNFRSF1A
776,18,27,29,ITGB5|TGFBR2|ERBB3|IGF2R|LRP1|ITGB1|SORT1
777,34,32,29,ITGB5|PDGFRB|ERBB2|ITGB4|ERBB3|LRP1|ITGB1
778,45,34,37,CD44|TNFRSF12A|ITGB4|IGF2R|ITGA6|ERBB3|ITGB5
779,29,33,30,TNFRSF1A|FLT1|IGF2R|ITGA6|CD44|ITGB1|ERBB2
780,21,34,41,IGF2R|NRP1|ITGB1|LRP1|ITGB5|ERBB3|SORT1
781,19,28,24,IGF2R|LRP5|ITGB5|CD44|ERBB2|TNFRSF1A|LRP1
782,29,36,34,CD44|NTRK2|ERBB3|SORT1|TNFRSF1A|IGF2R|ITGA6
783,22,34,38,SORT1|BMPR2|ERBB3|ERBB2|ITGB5|ITGB1|LRP1
784,35,36,29,ERBB2|PLXNA1|LRP1|CD44|ITGA6|SORT1|ITGB1
785,37,38,28,LRP1|PDGFRB|ERBB2|ERBB3|ITGB4|IGF2R|ITGA6
786,25,39,39,LRP1|FLT1|ITGA6|IGF2R|ERBB2|SORT1|CD44
787,27,21,25,LRP1|TGFBR2|ITGB4|TNFRSF1A|SORT1|ERBB2|ERBB3
788,27,27,27,LRP1|BMPR2|ERBB2|ITGB1|ITGB4|ERBB3|SORT1
789,41,29,30,ITGB5|PLXNA1|ERBB3|IGF2R|SORT1|ITGB4|ITGA6
790,27,25,34,IGF2R|NRP2|ERBB2|ITGB4|LRP1|CD44|ITGB1
791,31,27,21,ITGA6|NTRK2|TNFRSF1A|SORT1|LRP1|ITGB4|ERBB3
792,31,20,22,ITGB4|IGF1R|ERBB2|ITGA6|ITGB5|IGF2R|TNFRSF1A
793,32,26,15,TNFRSF1A|ACVR1B|ITGB5|SORT1|ITGB4|ERBB2|ERBB3
794,37,29,29,SORT1|TGFBR1|ITGA6|ERBB3|ITGB4|CD44|TNFRSF1A
795,26,24,20,ITGB5|TGFBR2|TNFRSF1A|ITGA6|ITGB1|IGF2R|ITGB4
796,32,27,33,CD44|TGFBR1|IGF2R|ERBB3|ITGB4|SORT1|ERBB2
797,25,28,28,CD44|NRP2|ITGB5|LRP1|TNFRSF1A|ITGB4|SORT1
798,32,25,27,ERBB2|ACVR1B|ITGB1|ITGB4|TNFRSF1A|IGF2R|ERBB3
799,29,31,25,IGF2R|TGFBR2|ERBB2|ITGA6|ERBB3|ITGB1|ITGB5
800,30,33,38,ITGB5|NTRK2|ERBB2|ITGB4|IGF2R|ERBB3|TNFRSF1A
801,23,21,23,ITGA6|TGFBR2|ITGB1|ERBB2|TNFRSF1A|ITGB5|SORT1
802,30,41,28,ITGB4|NTRK2|ITGA6|ERBB2|SORT1|IGF2R|CD44
803,33,35,36,ITGB1|FLT1|ITGA6|ERBB3|TNFRSF1A|CD44|IGF2R
804,24,33,33,ITGB4|LRP5|LRP1|TNFRSF1A|CD44|ERBB2|IGF2R
805,23,22,24,ITGB5|BMPR2|TNFRSF1A|ITGB1|IGF2R|ERBB2|ITGB4
806,25,38,47,ERBB2|PLXNA1|SORT1|ITGB5|ITGB1|LRP1|IGF2R
807,25,39,26,ERBB2|NTRK2|ITGB5|LRP1|ERBB3|TNFRSF1A|ITGB1
808,31,29,24,ITGB4|NTRK2|ITGB5|ERBB3|IGF2R|ITGA6|SORT1
809,36,17,27,SORT1|PLXNA1|LRP1|ITGB1|ITGA6|ERBB3|TNFRSF1A
810,31,25,28,ITGB1|ACVR1B|CD44|ITGA6|TNFRSF1A|ITGB5|ERBB2
811,31,27,28,CD44|IGF1R|SORT1|ITGB5|ITGB4|IGF2R|ERBB3
812,42,36,30,ITGB5|PLXNA1|LRP1|ERBB2|ITGB4|CD44|ITGA6
813,29,34,38,IGF2R|TGFBR1|TNFRSF1A|CD44|ERBB3|ITGB1|ERBB2
814,44,27,38,ITGB5|TNFRSF12A|ITGB4|ERBB2|ERBB3|ITGA6|IGF2R
815,32,31,38,ERBB3|BMPR2|IGF2R|ITGA6|ERBB2|CD44|TNFRSF1A
816,15,25,25,ERBB2|NTRK2|SORT1|ITGB5|TNFRSF1A|IGF2R|LRP1
817,23,26,22,ITGB4|LRP5|ERBB2|ITGB5|ITGB1|TNFRSF1A|IGF2R
818,35,35,31,ITGA6|ACVR1B|ITGB1|ERBB3|CD44|SORT1|ERBB2
819,33,35,34,ERBB2|NRP2|SORT1|CD44|ITGB4|IGF2R|ERBB3
820,37,37,25,CD44|NRP2|ERBB2|ERBB3|TNFRSF1A|ITGB1|ITGA6
821,25,29,22,SORT1|BMPR2|ERBB2|TNFRSF1A|CD44|LRP1|ERBB3
822,23,22,36,CD44|LRP5|LRP1|ERBB3|ITGB5|SORT1|ITGB1
823,26,29,26,ERBB3|FGFR1|IGF2R|ERBB2|CD44|ITGB1|LRP1
824,28,40,38,CD44|ACVR1B|ITGB1|ERBB2|ERBB3|LRP1|IGF2R
825,27,31,26,LRP1|LRP5|ERBB3|ERBB2|ITGB4|IGF2R|TNFRSF1A
826,34,20,26,TNFRSF1A|ACVR1B|ERBB2|ITGB5|ITGB1|ERBB3|ITGA6
827,35,36,21,ITGA6|NRP1|ERBB3|ITGB1|ERBB2|CD44|LRP1
828,35,34,42,ITGB5|PDGFRB|CD44|ITGB1|ITGB4|ERBB3|IGF2R
829,38,36,40,IGF2R|TNFRSF12A|LRP1|ERBB3|ITGA6|CD44|TNFRSF1A
830,36,31,33,ITGA6|IGF1R|LRP1|CD44|ERBB3|SORT1|ITGB4
831,35,26,26,ITGA6|BMPR2|SORT1|ERBB3|ITGB4|CD44|ITGB5
832,25,21,22,ERBB2|TGFBR1|TNFRSF1A|ITGB4|ITGB1|IGF2R|ITGB5
833,31,32,26,IGF2R|PLXNA1|LRP1|ITGB1|SORT1|ERBB2|ERBB3
834,29,36,26,SORT1|IGF1R|LRP1|ITGB4|ERBB2|ITGB1|ITGA6
835,33,21,21,ITGB4|NRP2|ERBB3|CD44|TNFRSF1A|ITGB5|SORT1
836,27,32,24,ITGB1|NRP2|ITGB5|TNFRSF1A|ERBB2|ERBB3|LRP1
837,42,36,36,TNFRSF1A|FLT1|CD44|ITGB4|ITGA6|ERBB3|ERBB2
838,25,38,36,SORT1|PDGFRB|CD44|ITGB5|ITGB4|LRP1|IGF2R
839,28,40,36,ERBB2|IGF1R|IGF2R|LRP1|CD44|ERBB3|ITGB1
840,29,33,33,ITGB1|TGFBR2|ITGA6|ERBB2|SORT1|ERBB3|TNFRSF1A
841,27,31,29,LRP1|PDGFRB|SORT1|CD44|ITGB1|ITGA6|TNFRSF1A
842,25,25,28,CD44|NTRK2|ERBB2|ITGB5|SORT1|ITGA6|LRP1
843,37,31,38,ITGB4|TNFRSF12A|IGF2R|ITGB1|ERBB3|ITGB5|TNFRSF1A
844,28,30,30,ITGB1|FGFR1|CD44|ERBB2|IGF2R|TNFRSF1A|ERBB3
845,31,26,21,LRP1|PLXNA1|ITGB1|TNFRSF1A|SORT1|ITGB5|ERBB3
846,19,30,27,IGF2R|LRP5|SORT1|TNFRSF1A|ERBB2|ITGB4|LRP1
847,33,28,24,ITGB4|TGFBR2|CD44|ERBB2|ITGB1|ITGA6|TNFRSF1A
848,30,28,15,SORT1|ACVR1B|ERBB3|ERBB2|IGF2R|ITGB5|ITGB4
849,35,42,36,IGF2R|TNFRSF12A|ERBB3|ITGB1|ERBB2|CD44|SORT1
850,22,32,26,IGF2R|FGFR1|ERBB2|ITGB5|LRP1|ITGB1|ITGA6
851,27,32,31,ERBB2|BMPR2|IGF2R|SORT1|ITGB4|ITGB1|ERBB3
852,25,18,27,IGF2R|NTRK2|ITGB1|ITGB4|TNFRSF1A|ITGB5|CD44
853,33,31,30,ERBB3|FLT1|CD44|TNFRSF1A|ITGB4|ITGB5|IGF2R
854,28,36,27,LRP1|NRP1|ITGB4|IGF2R|ERBB2|SORT1|ERBB3
855,29,28,26,TNFRSF1A|NRP2|ITGB4|ITGB1|CD44|ERBB2|IGF2R
856,26,27,24,SORT1|FGFR1|CD44|LRP1|ITGB5|ERBB3|ERBB2
857,30,21,27,ITGB4|FLT1|ERBB3|IGF2R|ITGB1|ITGB5|TNFRSF1A
858,34,36,34,LRP1|IGF1R|ITGB5|CD44|ERBB2|ITGA6|ITGB4
859,32,33,39,ITGA6|ACVR1B|ERBB2|IGF2R|TNFRSF1A|ERBB3|ITGB1
860,30,26,16,IGF2R|IGF1R|ERBB3|SORT1|ITGB4|TNFRSF1A|ERBB2
861,30,25,35,ERBB3|NRP2|ITGB1|IGF2R|SORT1|ITGB4|ERBB2
862,47,42,31,ITGB5|TNFRSF12A|ITGB4|ITGA6|ITGB1|CD44|ERBB3
863,32,31,24,TNFRSF1A|IGF1R|ITGB1|LRP1|ITGA6|ERBB2|ERBB3
864,21,31,29,ERBB2|TGFBR2|TNFRSF1A|SORT1|ITGB4|IGF2R|ITGB5
865,35,31,29,CD44|FGFR1|ERBB2|ITGB1|ERBB3|ITGB4|TNFRSF1A
866,25,27,27,ITGB5|FLT1|IGF2R|LRP1|TNFRSF1A|CD44|ITGA6
867,30,29,31,IGF2R|TGFBR1|ITGA6|ITGB5|SORT1|CD44|ERBB3
868,28,21,20,ERBB3|TGFBR2|ITGB5|IGF2R|SORT1|ITGA6|CD44
869,21,24,28,ERBB3|BMPR2|IGF2R|ITGB5|CD44|SORT1|LRP1
870,30,30,24,ITGB4|TNFRSF12A|TNFRSF1A|SORT1|CD44|IGF2R|LRP1
871,32,34,29,LRP1|FLT1|ITGB5|ITGB1|ERBB2|ITGA6|ERBB3
872,23,25,28,ITGB5|BMPR2|TNFRSF1A|LRP1|ITGB4|ERBB2|ITGB1
873,35,39,28,LRP1|FLT1|ERBB2|ITGA6|ERBB3|CD44|ITGB1
874,24,27,27,SORT1|NRP2|CD44|TNFRSF1A|LRP1|ERBB3|IGF2R
875,35,27,27,LRP1|ACVR1B|ITGA6|ITGB5|ERBB3|ITGB4|TNFRSF1A
876,15,24,28,IGF2R|LRP5|LRP1|SORT1|ITGB1|CD44|ITGB5
877,28,32,37,ERBB2|FLT1|ERBB3|TNFRSF1A|CD44|LRP1|IGF2R
878,23,21,21,CD44|LRP5|TNFRSF1A|ERBB3|IGF2R|ITGB5|SORT1
879,35,27,22,ITGB1|PLXNA1|ITGA6|CD44|SORT1|TNFRSF1A|ITGB5
880,41,45,34,ITGB4|TNFRSF12A|ITGB1|ITGA6|SORT1|CD44|ERBB2
881,29,26,23,CD44|FLT1|TNFRSF1A|ITGB4|IGF2R|ITGB1|ERBB2
882,21,26,33,ITGB1|NRP1|LRP1|SORT1|IGF2R|ERBB3|ITGB5
883,20,29,19,ITGB5|FGFR1|TNFRSF1A|ERBB2|IGF2R|CD44|LRP1
884,32,36,33,CD44|PDGFRB|SORT1|ITGB4|TNFRSF1A|IGF2R|ITGA6
885,32,29,23,ITGB1|BMPR2|ITGA6|CD44|ERBB3|IGF2R|ERBB2
886,40,35,25,ITGB5|PLXNA1|LRP1|ERBB2|TNFRSF1A|ERBB3|ITGA6
887,33,31,29,IGF2R|IGF1R|CD44|ITGB4|ERBB2|LRP1|ERBB3
888,33,26,21,ITGB1|PLXNA1|ITGB5|CD44|ITGB4|IGF2R|SORT1
889,23,26,29,IGF2R|FLT1|ERBB2|ERBB3|SORT1|TNFRSF1A|LRP1
890,26,37,31,IGF2R|ACVR1B|ERBB3|ITGB1|LRP1|ITGB4|SORT1
891,40,34,32,ERBB2|PLXNA1|ERBB3|ITGB1|TNFRSF1A|ITGA6|IGF2R
892,24,19,23,ITGB4|NRP2|IGF2R|TNFRSF1A|ERBB2|LRP1|ITGB5
893,29,43,44,ITGB1|PDGFRB|ITGA6|ERBB2|IGF2R|SORT1|CD44
894,25,31,42,ERBB2|LRP5|ERBB3|LRP1|TNFRSF1A|IGF2R|CD44
895,31,24,24,CD44|IGF1R|ITGB5|ITGB4|SORT1|LRP1|ERBB3
896,37,38,22,SORT1|ACVR1B|ERBB2|ITGB4|ITGA6|ERBB3|ITGB5
897,40,34,36,ERBB3|PLXNA1|ERBB2|SORT1|ITGA6|ITGB1|TNFRSF1A
898,22,33,31,ITGA6|FGFR1|ERBB2|SORT1|ITGB1|TNFRSF1A|IGF2R
899,33,36,25,CD44|NTRK2|ITGA6|TNFRSF1A|ERBB3|SORT1|ERBB2
900,24,39,45,ERBB2|PDGFRB|LRP1|CD44|ITGB5|TNFRSF1A|IGF2R
901,31,29,31,ITGB4|NTRK2|ERBB3|LRP1|IGF2R|ITGB5|ITGA6
902,25,24,26,LRP1|FGFR1|ITGB1|ITGB5|ITGB4|TNFRSF1A|CD44
903,21,25,28,LRP1|BMPR2|ERBB2|CD44|ITGB1|ITGB5|TNFRSF1A
904,37,16,26,ERBB3|BMPR2|CD44|ITGB5|ITGB1|ITGB4|ITGA6
905,21,23,26,ERBB3|TGFBR2|ITGB5|LRP1|SORT1|IGF2R|CD44
906,28,28,24,ITGA6|NRP1|LRP1|ITGB5|ERBB3|SORT1|ITGB1
907,30,23,18,TNFRSF1A|FLT1|SORT1|ERBB2|ERBB3|LRP1|ITGB4
908,21,25,26,ERBB3|LRP5|SORT1|ITGB1|CD44|IGF2R|LRP1
909,26,19,25,TNFRSF1A|NRP2|ITGB4|ITGB1|LRP1|ITGB5|ERBB2
910,28,22,17,IGF2R|NRP2|ERBB3|ITGB1|TNFRSF1A|SORT1|ITGB4
911,23,32,30,ERBB2|NRP2|IGF2R|ITGB1|SORT1|LRP1|ERBB3
912,28,35,33,LRP1|TGFBR1|ITGA6|ITGB4|TNFRSF1A|ERBB2|IGF2R
913,18,37,35,ITGB5|NTRK2|LRP1|CD44|SORT1|IGF2R|ERBB2
914,23,17,21,ITGB5|FLT1|ERBB3|TNFRSF1A|LRP1|IGF2R|ITGB1
915,29,28,24,SORT1|LRP5|CD44|LRP1|ERBB2|ITGA6|ITGB4
916,41,40,47,IGF2R|TNFRSF12A|ITGA6|CD44|ITGB4|ERBB2|TNFRSF1A
917,32,25,30,ITGB5|TGFBR1|TNFRSF1A|CD44|ITGA6|IGF2R|ERBB3
918,19,18,25,SORT1|TGFBR1|CD44|ITGB5|TNFRSF1A|ITGB1|LRP1
919,33,31,32,LRP1|IGF1R|ITGB4|ITGB5|ERBB3|ITGA6|SORT1
920,32,22,24,ITGB1|LRP5|ITGA6|ITGB5|ITGB4|LRP1|ERBB3
921,22,29,28,ITGB1|LRP5|ERBB3|ERBB2|TNFRSF1A|IGF2R|LRP1
922,25,28,33,CD44|NTRK2|ITGA6|ITGB5|TNFRSF1A|ITGB1|IGF2R
923,31,33,30,SORT1|FLT1|ITGB4|ERBB2|ITGA6|ITGB5|TNFRSF1A
924,35,29,31,TNFRSF1A|NRP1|ITGA6|ERBB3|ITGB5|CD44|ITGB1
925,35,25,37,LRP1|PDGFRB|ITGB4|SORT1|ITGB5|ITGA6|ERBB3
926,33,31,37,ITGA6|FLT1|ERBB3|CD44|IGF2R|ITGB1|TNFRSF1A
927,35,33,42,ITGB1|PDGFRB|ERBB3|ITGA6|CD44|ITGB5|SORT1
928,28,24,28,TNFRSF1A|NTRK2|ITGB4|ERBB3|IGF2R|LRP1|ERBB2
929,35,28,31,ERBB3|NRP2|ITGB4|ERBB2|SORT1|CD44|TNFRSF1A
930,20,27,25,ITGB4|LRP5|IGF2R|CD44|LRP1|SORT1|TNFRSF1A
931,32,26,31,ERBB2|TGFBR1|ITGB1|TNFRSF1A|ITGB4|ITGA6|ITGB5
932,34,25,33,ERBB3|TGFBR1|ITGB4|ERBB2|ITGB5|IGF2R|CD44
933,31,36,36,SORT1|IGF1R|LRP1|CD44|ITGA6|TNFRSF1A|ERBB3
934,23,26,27,ITGB4|FLT1|LRP1|IGF2R|TNFRSF1A|CD44|SORT1
935,30,28,28,ITGB1|LRP5|ITGB4|TNFRSF1A|CD44|LRP1|ERBB3
936,32,33,25,ERBB3|NRP2|SORT1|ITGB1|ITGB4|TNFRSF1A|ERBB2
937,28,30,34,ERBB2|NRP2|TNFRSF1A|IGF2R|CD44|ERBB3|LRP1
938,21,25,24,SORT1|LRP5|LRP1|CD44|ERBB3|ITGB5|IGF2R
939,41,34,27,ITGA6|PLXNA1|SORT1|IGF2R|ITGB4|ERBB3|ITGB1
940,28,25,33,CD44|IGF1R|ITGB5|ERBB3|TNFRSF1A|ITGB1|LRP1
941,24,33,41,ITGB4|PDGFRB|LRP1|SORT1|IGF2R|ERBB2|TNFRSF1A
942,32,38,28,ERBB3|LRP5|ERBB2|ITGB1|ITGA6|IGF2R|CD44
943,18,20,24,TNFRSF1A|BMPR2|IGF2R|ITGB1|LRP1|ERBB3|SORT1
944,35,33,32,SORT1|NRP1|ERBB2|ITGA6|TNFRSF1A|CD44|ERBB3
945,30,30,24,ITGA6|FGFR1|ITGB5|ITGB1|LRP1|ERBB2|ERBB3
946,27,30,30,ERBB2|LRP5|SORT1|ITGA6|ITGB1|IGF2R|ERBB3
947,27,34,26,IGF2R|NTRK2|ITGA6|ERBB2|TNFRSF1A|LRP1|ITGB4
948,30,26,32,LRP1|ACVR1B|ITGB5|ITGB4|ERBB3|ERBB2|SORT1
949,32,34,29,ERBB3|PDGFRB|TNFRSF1A|SORT1|CD44|ITGB5|ERBB2
950,32,30,30,LRP1|ACVR1B|ERBB3|TNFRSF1A|ITGB5|ERBB2|ITGA6
951,18,25,25,LRP1|LRP5|TNFRSF1A|ITGB5|SORT1|ERBB3|IGF2R
952,32,31,32,ITGB5|PDGFRB|CD44|IGF2R|ITGA6|LRP1|ITGB4
953,37,31,41,ITGB4|TGFBR2|ERBB3|ITGA6|CD44|ERBB2|IGF2R
954,27,20,32,ITGB5|FGFR1|ITGA6|IGF2R|SORT1|ERBB2|ITGB4
955,41,37,37,ERBB3|PLXNA1|ITGB5|ITGB4|IGF2R|TNFRSF1A|CD44
956,31,33,29,SORT1|TGFBR1|TNFRSF1A|ITGB4|ITGB5|ERBB2|ERBB3
957,32,31,26,IGF2R|NRP1|ITGB4|ITGB1|ITGB5|CD44|ITGA6
958,21,21,28,IGF2R|NRP2|LRP1|ITGB1|TNFRSF1A|ERBB3|SORT1
959,27,29,29,ITGB5|NRP2|IGF2R|SORT1|ITGB4|CD44|ERBB2
960,30,32,21,SORT1|FLT1|IGF2R|ITGB5|ERBB3|ERBB2|ITGB4
961,26,28,30,ITGB1|TGFBR1|ERBB2|ITGB4|SORT1|IGF2R|CD44
962,21,22,13,SORT1|BMPR2|LRP1|ITGB1|TNFRSF1A|ERBB2|ITGA6
963,35,24,24,ITGA6|BMPR2|IGF2R|TNFRSF1A|CD44|ERBB3|ITGB4
964,35,22,24,ITGB1|IGF1R|ERBB3|ITGA6|TNFRSF1A|LRP1|ITGB4
965,39,28,24,ERBB3|FLT1|ERBB2|ITGB1|ITGB4|ITGB5|ITGA6
966,33,38,37,ITGB4|PLXNA1|IGF2R|LRP1|ITGB1|SORT1|ITGA6
967,22,30,32,LRP1|NRP1|ITGB1|TNFRSF1A|ERBB2|IGF2R|CD44
968,31,34,39,ITGB1|NTRK2|ERBB3|ITGA6|ITGB4|SORT1|IGF2R
969,25,21,26,ITGB5|TGFBR1|LRP1|TNFRSF1A|ERBB2|ITGB4|ITGB1
970,28,34,31,ITGB4|TGFBR1|ERBB2|ITGA6|TNFRSF1A|LRP1|SORT1
971,29,31,19,SORT1|TGFBR2|ERBB2|IGF2R|ITGA6|ITGB4|CD44
972,22,24,22,ITGB5|NTRK2|ITGA6|TNFRSF1A|SORT1|LRP1|ERBB2
973,23,19,25,ITGA6|TGFBR1|TNFRSF1A|IGF2R|SORT1|ITGB5|ERBB2
974,26,36,40,ERBB2|TGFBR2|ITGB1|ITGB4|IGF2R|ITGB5|CD44
975,29,26,22,LRP1|TGFBR1|IGF2R|CD44|ITGB4|ITGB1|ITGA6
976,25,30,28,TNFRSF1A|TGFBR1|LRP1|ERBB3|CD44|ITGB5|IGF2R
977,14,22,20,TNFRSF1A|TGFBR2|SORT1|IGF2R|ITGB5|LRP1|ERBB2
978,40,36,28,ITGA6|PLXNA1|ITGB5|LRP1|TNFRSF1A|ERBB2|ERBB3
979,34,29,28,ITGB1|BMPR2|ITGA6|TNFRSF1A|ERBB3|ERBB2|CD44
980,39,35,24,ITGB5|TGFBR1|ITGB4|CD44|ITGB1|ITGA6|ERBB3
981,35,22,29,ITGB1|NTRK2|ITGB4|CD44|ERBB2|TNFRSF1A|ERBB3
982,41,37,39,ITGB1|PDGFRB|ERBB3|ITGA6|ITGB5|ERBB2|ITGB4
983,30,27,23,IGF2R|TGFBR2|ITGB4|ITGB5|SORT1|ERBB3|ITGA6
984,26,30,15,LRP1|LRP5|ITGB4|ITGA6|TNFRSF1A|ERBB2|IGF2R
985,24,21,28,ITGB1|FLT1|SORT1|ITGA6|ERBB2|IGF2R|TNFRSF1A
986,30,16,19,ITGB1|ACVR1B|ITGB5|ERBB3|TNFRSF1A|ITGB4|IGF2R
987,20,28,24,LRP1|NRP1|TNFRSF1A|ITGB5|ITGB4|SORT1|IGF2R
988,33,30,20,ERBB3|NRP1|ITGA6|SORT1|CD44|ITGB1|ITGB5
989,29,32,31,CD44|NRP2|ITGA6|ERBB2|ITGB1|TNFRSF1A|LRP1
990,24,25,27,ERBB2|IGF1R|ITGB5|ITGB1|ITGA6|LRP1|IGF2R
991,21,40,41,TNFRSF1A|PDGFRB|IGF2R|ERBB2|LRP1|ITGB1|ITGB5
992,34,30,29,ERBB2|TGFBR2|ITGB1|ITGB4|ITGA6|IGF2R|ERBB3
993,25,28,19,ERBB3|LRP5|IGF2R|TNFRSF1A|CD44|ERBB2|SORT1
994,33,32,29,CD44|NRP2|SORT1|ERBB2|ITGB4|ERBB3|LRP1
995,30,32,27,ITGB4|IGF1R|ERBB2|ERBB3|IGF2R|ITGB5|SORT1
996,32,35,33,ITGB5|NRP2|SORT1|ERBB2|ITGB1|ERBB3|ITGA6
997,32,15,27,TNFRSF1A|TGFBR2|ITGA6|ITGB1|ERBB3|LRP1|ITGB4
998,22,28,21,ITGB5|BMPR2|SORT1|TNFRSF1A|ITGA6|CD44|LRP1
999,27,34,30,ITGA6|NTRK2|ITGB5|CD44|TNFRSF1A|ERBB2|LRP1
1000,31,29,28,CD44|BMPR2|LRP1|ITGB4|ERBB2|ITGB5|ITGA6
